% Model,attempt10-785nm_step4.mph
% Version,COMSOL 6.1.0.282
% Date,"Nov 11 2025, 16:28"
% Table,E^4 - Surface Integration 1
% pyramid_l (nm),D (nm),lambda0 (µm),ewfd.normE^4 (kg^4*m^6/(s^12*A^4))
3.350000000000000E2,0.000000000000000E0,7.850000000000000E-1,5.806920013817866E18
3.350000000000000E2,4.999999999999999E0,7.850000000000000E-1,5.749045167107865E18
3.350000000000000E2,9.999999999999998E0,7.850000000000000E-1,5.455716267320354E18
3.350000000000000E2,1.500000000000000E1,7.850000000000000E-1,5.521755407128800E18
3.350000000000000E2,2.000000000000000E1,7.850000000000000E-1,5.510076595844998E18
3.350000000000000E2,2.500000000000000E1,7.850000000000000E-1,5.440330243452123E18
3.350000000000000E2,3.000000000000000E1,7.850000000000000E-1,5.607775515764468E18
3.350000000000000E2,3.500000000000000E1,7.850000000000000E-1,5.443872833507095E18
3.350000000000000E2,3.999999999999999E1,7.850000000000000E-1,5.651020484086725E18
3.350000000000000E2,4.500000000000000E1,7.850000000000000E-1,5.563659746255459E18
3.350000000000000E2,5.000000000000000E1,7.850000000000000E-1,5.744001614684148E18
3.350000000000000E2,5.499999999999999E1,7.850000000000000E-1,5.715328808597773E18
3.350000000000000E2,6.000000000000000E1,7.850000000000000E-1,5.784617993922999E18
3.350000000000000E2,6.499999999999999E1,7.850000000000000E-1,5.816297001654434E18
3.350000000000000E2,7.000000000000000E1,7.850000000000000E-1,5.747027255796348E18
3.350000000000000E2,7.500000000000000E1,7.850000000000000E-1,5.842627895710978E18
3.350000000000000E2,7.999999999999999E1,7.850000000000000E-1,5.871819531068259E18
3.350000000000000E2,8.500000000000000E1,7.850000000000000E-1,5.851255877560424E18
3.350000000000000E2,9.000000000000000E1,7.850000000000000E-1,5.965173811130491E18
3.350000000000000E2,9.499999999999999E1,7.850000000000000E-1,5.745690805513804E18
3.350000000000000E2,1.000000000000000E2,7.850000000000000E-1,6.005868244512711E18
3.350000000000000E2,1.050000000000000E2,7.850000000000000E-1,6.133052852365535E18
3.350000000000000E2,1.100000000000000E2,7.850000000000000E-1,5.959713179822607E18
3.350000000000000E2,1.150000000000000E2,7.850000000000000E-1,5.920131921658419E18
3.350000000000000E2,1.200000000000000E2,7.850000000000000E-1,6.164630564408691E18
3.350000000000000E2,1.250000000000000E2,7.850000000000000E-1,5.996098587560530E18
3.350000000000000E2,1.300000000000000E2,7.850000000000000E-1,6.142951530747654E18
3.350000000000000E2,1.350000000000000E2,7.850000000000000E-1,5.988584405044837E18
3.350000000000000E2,1.400000000000000E2,7.850000000000000E-1,5.970897376420227E18
3.350000000000000E2,1.450000000000000E2,7.850000000000000E-1,6.179479127496485E18
3.350000000000000E2,1.500000000000000E2,7.850000000000000E-1,6.142893710494167E18
3.350000000000000E2,1.550000000000000E2,7.850000000000000E-1,6.064226664601825E18
3.350000000000000E2,1.600000000000000E2,7.850000000000000E-1,6.170964515180153E18
3.350000000000000E2,1.650000000000000E2,7.850000000000000E-1,6.142776870829792E18
3.350000000000000E2,1.700000000000000E2,7.850000000000000E-1,6.422262910832276E18
3.350000000000000E2,1.750000000000000E2,7.850000000000000E-1,6.280751658716129E18
3.350000000000000E2,1.800000000000000E2,7.850000000000000E-1,6.469051483953858E18
3.350000000000000E2,1.850000000000000E2,7.850000000000000E-1,6.446987810211111E18
3.350000000000000E2,1.900000000000000E2,7.850000000000000E-1,6.388377061441642E18
3.350000000000000E2,1.950000000000000E2,7.850000000000000E-1,6.523369075504397E18
3.350000000000000E2,2.000000000000000E2,7.850000000000000E-1,6.265625571980452E18
3.350000000000000E2,2.050000000000000E2,7.850000000000000E-1,6.622586155347457E18
3.350000000000000E2,2.100000000000000E2,7.850000000000000E-1,6.857513524242620E18
3.350000000000000E2,2.150000000000000E2,7.850000000000000E-1,6.772575277518707E18
3.350000000000000E2,2.200000000000000E2,7.850000000000000E-1,6.635767471702628E18
3.350000000000000E2,2.250000000000000E2,7.850000000000000E-1,6.853891889729927E18
3.350000000000000E2,2.300000000000000E2,7.850000000000000E-1,6.829521813254372E18
3.350000000000000E2,2.350000000000000E2,7.850000000000000E-1,7.135528099344908E18
3.350000000000000E2,2.400000000000000E2,7.850000000000000E-1,7.372761711914213E18
3.350000000000000E2,2.450000000000000E2,7.850000000000000E-1,7.251896540526508E18
3.350000000000000E2,2.500000000000000E2,7.850000000000000E-1,7.398247106580719E18
3.350000000000000E2,2.550000000000000E2,7.850000000000000E-1,7.472266335722691E18
3.350000000000000E2,2.599999999999999E2,7.850000000000000E-1,7.520900681608392E18
3.350000000000000E2,2.650000000000000E2,7.850000000000000E-1,7.770842619651850E18
3.350000000000000E2,2.700000000000000E2,7.850000000000000E-1,7.635745644306749E18
3.350000000000000E2,2.750000000000000E2,7.850000000000000E-1,7.857010700340684E18
3.350000000000000E2,2.800000000000000E2,7.850000000000000E-1,7.601590425990092E18
3.350000000000000E2,2.850000000000000E2,7.850000000000000E-1,8.108143971086950E18
3.350000000000000E2,2.900000000000000E2,7.850000000000000E-1,7.833381547088211E18
3.350000000000000E2,2.950000000000000E2,7.850000000000000E-1,8.225957737819521E18
3.350000000000000E2,3.000000000000000E2,7.850000000000000E-1,8.298119286725474E18
3.350000000000000E2,3.050000000000000E2,7.850000000000000E-1,8.783428025453485E18
3.350000000000000E2,3.099999999999999E2,7.850000000000000E-1,8.906567344932618E18
3.350000000000000E2,3.149999999999999E2,7.850000000000000E-1,8.956647185970935E18
3.350000000000000E2,3.199999999999999E2,7.850000000000000E-1,9.452133256704473E18
3.350000000000000E2,3.250000000000000E2,7.850000000000000E-1,9.382004345757186E18
3.350000000000000E2,3.300000000000000E2,7.850000000000000E-1,9.710087032362541E18
3.350000000000000E2,3.350000000000000E2,7.850000000000000E-1,9.903889702727778E18
3.350000000000000E2,3.400000000000000E2,7.850000000000000E-1,9.682964972213008E18
3.350000000000000E2,3.450000000000000E2,7.850000000000000E-1,1.059155928679457E19
3.350000000000000E2,3.500000000000000E2,7.850000000000000E-1,1.045290316052665E19
3.350000000000000E2,3.550000000000000E2,7.850000000000000E-1,1.078959977412784E19
3.350000000000000E2,3.600000000000000E2,7.850000000000000E-1,1.141035025750580E19
3.350000000000000E2,3.649999999999999E2,7.850000000000000E-1,1.191590594151258E19
3.350000000000000E2,3.699999999999999E2,7.850000000000000E-1,1.213250443851077E19
3.350000000000000E2,3.749999999999999E2,7.850000000000000E-1,1.250970208839183E19
3.350000000000000E2,3.799999999999999E2,7.850000000000000E-1,1.377990480328037E19
3.350000000000000E2,3.850000000000000E2,7.850000000000000E-1,1.450126980440522E19
3.350000000000000E2,3.900000000000000E2,7.850000000000000E-1,1.619392205173850E19
3.350000000000000E2,3.950000000000000E2,7.850000000000000E-1,1.666820778463980E19
3.350000000000000E2,4.000000000000000E2,7.850000000000000E-1,1.840027183981812E19
3.350000000000000E2,4.050000000000000E2,7.850000000000000E-1,2.093961337937205E19
3.350000000000000E2,4.100000000000000E2,7.850000000000000E-1,2.358090661712080E19
3.350000000000000E2,4.150000000000000E2,7.850000000000000E-1,2.589670560968980E19
3.350000000000000E2,4.199999999999999E2,7.850000000000000E-1,3.016677394278054E19
3.350000000000000E2,4.249999999999999E2,7.850000000000000E-1,3.739933520345672E19
3.350000000000000E2,4.299999999999999E2,7.850000000000000E-1,4.953843526226594E19
3.350000000000000E2,4.349999999999999E2,7.850000000000000E-1,6.817231047355246E19
3.350000000000000E2,4.399999999999999E2,7.850000000000000E-1,9.401554404289441E19
3.350000000000000E2,4.450000000000000E2,7.850000000000000E-1,1.611854012399544E20
3.350000000000000E2,4.500000000000000E2,7.850000000000000E-1,3.232334910390479E20
3.350000000000000E2,4.550000000000000E2,7.850000000000000E-1,9.015926968114909E20
3.350000000000000E2,4.600000000000000E2,7.850000000000000E-1,2.985870592978766E21
3.350000000000000E2,4.650000000000000E2,7.850000000000000E-1,1.543740394460850E21
3.350000000000000E2,4.700000000000000E2,7.850000000000000E-1,1.032539515423524E20
3.350000000000000E2,4.749999999999999E2,7.850000000000000E-1,5.773626914507472E18
3.350000000000000E2,4.800000000000000E2,7.850000000000000E-1,1.509811906709107E17
3.350000000000000E2,4.849999999999999E2,7.850000000000000E-1,5.221231809305190E17
3.350000000000000E2,4.900000000000000E2,7.850000000000000E-1,3.901486729618012E20
3.350000000000000E2,4.949999999999999E2,7.850000000000000E-1,9.439223440444803E18
3.350000000000000E2,5.000000000000000E2,7.850000000000000E-1,2.254395815914146E18
3.400000000000000E2,0.000000000000000E0,7.850000000000000E-1,6.412373608302055E18
3.400000000000000E2,4.999999999999999E0,7.850000000000000E-1,6.233280649807407E18
3.400000000000000E2,9.999999999999998E0,7.850000000000000E-1,6.082402480951128E18
3.400000000000000E2,1.500000000000000E1,7.850000000000000E-1,6.018092727321435E18
3.400000000000000E2,2.000000000000000E1,7.850000000000000E-1,6.005790953081967E18
3.400000000000000E2,2.500000000000000E1,7.850000000000000E-1,6.209019401096325E18
3.400000000000000E2,3.000000000000000E1,7.850000000000000E-1,6.036326447718094E18
3.400000000000000E2,3.500000000000000E1,7.850000000000000E-1,6.167789954638847E18
3.400000000000000E2,3.999999999999999E1,7.850000000000000E-1,6.168010862080620E18
3.400000000000000E2,4.500000000000000E1,7.850000000000000E-1,6.259164599796406E18
3.400000000000000E2,5.000000000000000E1,7.850000000000000E-1,6.055255223661005E18
3.400000000000000E2,5.499999999999999E1,7.850000000000000E-1,6.142830666845840E18
3.400000000000000E2,6.000000000000000E1,7.850000000000000E-1,6.305603766122794E18
3.400000000000000E2,6.499999999999999E1,7.850000000000000E-1,6.274981466843097E18
3.400000000000000E2,7.000000000000000E1,7.850000000000000E-1,6.342340303977251E18
3.400000000000000E2,7.500000000000000E1,7.850000000000000E-1,6.455166260733863E18
3.400000000000000E2,7.999999999999999E1,7.850000000000000E-1,6.301483145987792E18
3.400000000000000E2,8.500000000000000E1,7.850000000000000E-1,6.277974129657728E18
3.400000000000000E2,9.000000000000000E1,7.850000000000000E-1,6.468268475757992E18
3.400000000000000E2,9.499999999999999E1,7.850000000000000E-1,6.478550749203641E18
3.400000000000000E2,1.000000000000000E2,7.850000000000000E-1,6.454779040131278E18
3.400000000000000E2,1.050000000000000E2,7.850000000000000E-1,6.568409736132109E18
3.400000000000000E2,1.100000000000000E2,7.850000000000000E-1,6.665756110870920E18
3.400000000000000E2,1.150000000000000E2,7.850000000000000E-1,6.512227703026179E18
3.400000000000000E2,1.200000000000000E2,7.850000000000000E-1,6.506944030472373E18
3.400000000000000E2,1.250000000000000E2,7.850000000000000E-1,6.505332155569701E18
3.400000000000000E2,1.300000000000000E2,7.850000000000000E-1,6.765316379370983E18
3.400000000000000E2,1.350000000000000E2,7.850000000000000E-1,6.447353677913404E18
3.400000000000000E2,1.400000000000000E2,7.850000000000000E-1,6.761545733112214E18
3.400000000000000E2,1.450000000000000E2,7.850000000000000E-1,6.678997853563298E18
3.400000000000000E2,1.500000000000000E2,7.850000000000000E-1,6.748105574805140E18
3.400000000000000E2,1.550000000000000E2,7.850000000000000E-1,6.866108160883633E18
3.400000000000000E2,1.600000000000000E2,7.850000000000000E-1,6.781346596085517E18
3.400000000000000E2,1.650000000000000E2,7.850000000000000E-1,7.052690002883716E18
3.400000000000000E2,1.700000000000000E2,7.850000000000000E-1,6.974000320607384E18
3.400000000000000E2,1.750000000000000E2,7.850000000000000E-1,7.121175532260178E18
3.400000000000000E2,1.800000000000000E2,7.850000000000000E-1,6.971666929776703E18
3.400000000000000E2,1.850000000000000E2,7.850000000000000E-1,7.090094525996234E18
3.400000000000000E2,1.900000000000000E2,7.850000000000000E-1,7.310988622111660E18
3.400000000000000E2,1.950000000000000E2,7.850000000000000E-1,7.193919135307993E18
3.400000000000000E2,2.000000000000000E2,7.850000000000000E-1,7.253218824442041E18
3.400000000000000E2,2.050000000000000E2,7.850000000000000E-1,7.302001146842987E18
3.400000000000000E2,2.100000000000000E2,7.850000000000000E-1,7.327159511805216E18
3.400000000000000E2,2.150000000000000E2,7.850000000000000E-1,7.613074730539995E18
3.400000000000000E2,2.200000000000000E2,7.850000000000000E-1,7.403389300499366E18
3.400000000000000E2,2.250000000000000E2,7.850000000000000E-1,7.797736655197251E18
3.400000000000000E2,2.300000000000000E2,7.850000000000000E-1,8.098258452658473E18
3.400000000000000E2,2.350000000000000E2,7.850000000000000E-1,8.115076560283371E18
3.400000000000000E2,2.400000000000000E2,7.850000000000000E-1,8.013298733308756E18
3.400000000000000E2,2.450000000000000E2,7.850000000000000E-1,7.789054654750394E18
3.400000000000000E2,2.500000000000000E2,7.850000000000000E-1,8.239174404644061E18
3.400000000000000E2,2.550000000000000E2,7.850000000000000E-1,8.547016989327930E18
3.400000000000000E2,2.599999999999999E2,7.850000000000000E-1,8.129204079306109E18
3.400000000000000E2,2.650000000000000E2,7.850000000000000E-1,8.177184015217895E18
3.400000000000000E2,2.700000000000000E2,7.850000000000000E-1,8.322898366746332E18
3.400000000000000E2,2.750000000000000E2,7.850000000000000E-1,8.544258811201100E18
3.400000000000000E2,2.800000000000000E2,7.850000000000000E-1,8.779937011947786E18
3.400000000000000E2,2.850000000000000E2,7.850000000000000E-1,8.961644531832453E18
3.400000000000000E2,2.900000000000000E2,7.850000000000000E-1,8.905234456405333E18
3.400000000000000E2,2.950000000000000E2,7.850000000000000E-1,9.260272215607417E18
3.400000000000000E2,3.000000000000000E2,7.850000000000000E-1,9.361263993450715E18
3.400000000000000E2,3.050000000000000E2,7.850000000000000E-1,9.465488794431359E18
3.400000000000000E2,3.099999999999999E2,7.850000000000000E-1,1.049187087435106E19
3.400000000000000E2,3.149999999999999E2,7.850000000000000E-1,1.050578688860643E19
3.400000000000000E2,3.199999999999999E2,7.850000000000000E-1,1.021216880079519E19
3.400000000000000E2,3.250000000000000E2,7.850000000000000E-1,1.023022706466224E19
3.400000000000000E2,3.300000000000000E2,7.850000000000000E-1,1.089396967012325E19
3.400000000000000E2,3.350000000000000E2,7.850000000000000E-1,1.118915992784668E19
3.400000000000000E2,3.400000000000000E2,7.850000000000000E-1,1.194789878571049E19
3.400000000000000E2,3.450000000000000E2,7.850000000000000E-1,1.187388271621949E19
3.400000000000000E2,3.500000000000000E2,7.850000000000000E-1,1.252985073991098E19
3.400000000000000E2,3.550000000000000E2,7.850000000000000E-1,1.383319197614591E19
3.400000000000000E2,3.600000000000000E2,7.850000000000000E-1,1.370533794195361E19
3.400000000000000E2,3.649999999999999E2,7.850000000000000E-1,1.433889052682829E19
3.400000000000000E2,3.699999999999999E2,7.850000000000000E-1,1.492781615152362E19
3.400000000000000E2,3.749999999999999E2,7.850000000000000E-1,1.590314208852564E19
3.400000000000000E2,3.799999999999999E2,7.850000000000000E-1,1.659335250498736E19
3.400000000000000E2,3.850000000000000E2,7.850000000000000E-1,1.829302994823167E19
3.400000000000000E2,3.900000000000000E2,7.850000000000000E-1,1.946239103534009E19
3.400000000000000E2,3.950000000000000E2,7.850000000000000E-1,2.105466840888664E19
3.400000000000000E2,4.000000000000000E2,7.850000000000000E-1,2.334991438743826E19
3.400000000000000E2,4.050000000000000E2,7.850000000000000E-1,2.659339448803274E19
3.400000000000000E2,4.100000000000000E2,7.850000000000000E-1,3.199696625463361E19
3.400000000000000E2,4.150000000000000E2,7.850000000000000E-1,3.703508857708889E19
3.400000000000000E2,4.199999999999999E2,7.850000000000000E-1,4.417492109659751E19
3.400000000000000E2,4.249999999999999E2,7.850000000000000E-1,5.803818965141716E19
3.400000000000000E2,4.299999999999999E2,7.850000000000000E-1,8.346050061015430E19
3.400000000000000E2,4.349999999999999E2,7.850000000000000E-1,1.212147537127583E20
3.400000000000000E2,4.399999999999999E2,7.850000000000000E-1,2.017304934456877E20
3.400000000000000E2,4.450000000000000E2,7.850000000000000E-1,4.393042225381244E20
3.400000000000000E2,4.500000000000000E2,7.850000000000000E-1,1.252263045305100E21
3.400000000000000E2,4.550000000000000E2,7.850000000000000E-1,3.349045716302561E21
3.400000000000000E2,4.600000000000000E2,7.850000000000000E-1,1.136500118276416E21
3.400000000000000E2,4.650000000000000E2,7.850000000000000E-1,7.603572874161937E19
3.400000000000000E2,4.700000000000000E2,7.850000000000000E-1,4.216856426762661E18
3.400000000000000E2,4.749999999999999E2,7.850000000000000E-1,8.023827524442477E16
3.400000000000000E2,4.800000000000000E2,7.850000000000000E-1,1.976042520734721E18
3.400000000000000E2,4.849999999999999E2,7.850000000000000E-1,2.601862188438760E20
3.400000000000000E2,4.900000000000000E2,7.850000000000000E-1,7.734035826679654E18
3.400000000000000E2,4.949999999999999E2,7.850000000000000E-1,2.074850479344007E18
3.400000000000000E2,5.000000000000000E2,7.850000000000000E-1,1.339453415680714E18
3.450000000000000E2,0.000000000000000E0,7.850000000000000E-1,6.969294199068936E18
3.450000000000000E2,4.999999999999999E0,7.850000000000000E-1,6.809168136156531E18
3.450000000000000E2,9.999999999999998E0,7.850000000000000E-1,6.714662809306617E18
3.450000000000000E2,1.500000000000000E1,7.850000000000000E-1,6.589221301607010E18
3.450000000000000E2,2.000000000000000E1,7.850000000000000E-1,6.625207696602415E18
3.450000000000000E2,2.500000000000000E1,7.850000000000000E-1,6.616783558020742E18
3.450000000000000E2,3.000000000000000E1,7.850000000000000E-1,6.600384957621359E18
3.450000000000000E2,3.500000000000000E1,7.850000000000000E-1,6.569230728054354E18
3.450000000000000E2,3.999999999999999E1,7.850000000000000E-1,6.693494253174385E18
3.450000000000000E2,4.500000000000000E1,7.850000000000000E-1,6.792798543371914E18
3.450000000000000E2,5.000000000000000E1,7.850000000000000E-1,6.821049673867575E18
3.450000000000000E2,5.499999999999999E1,7.850000000000000E-1,6.731451351457339E18
3.450000000000000E2,6.000000000000000E1,7.850000000000000E-1,6.641401850102169E18
3.450000000000000E2,6.499999999999999E1,7.850000000000000E-1,6.795717422077114E18
3.450000000000000E2,7.000000000000000E1,7.850000000000000E-1,6.844378350793612E18
3.450000000000000E2,7.500000000000000E1,7.850000000000000E-1,6.874299359075887E18
3.450000000000000E2,7.999999999999999E1,7.850000000000000E-1,7.244333038383311E18
3.450000000000000E2,8.500000000000000E1,7.850000000000000E-1,6.828662666515964E18
3.450000000000000E2,9.000000000000000E1,7.850000000000000E-1,7.014597529986606E18
3.450000000000000E2,9.499999999999999E1,7.850000000000000E-1,7.011675473733095E18
3.450000000000000E2,1.000000000000000E2,7.850000000000000E-1,7.026601392915979E18
3.450000000000000E2,1.050000000000000E2,7.850000000000000E-1,7.206046666913860E18
3.450000000000000E2,1.100000000000000E2,7.850000000000000E-1,7.143075747320963E18
3.450000000000000E2,1.150000000000000E2,7.850000000000000E-1,7.171180679309593E18
3.450000000000000E2,1.200000000000000E2,7.850000000000000E-1,7.077004489701678E18
3.450000000000000E2,1.250000000000000E2,7.850000000000000E-1,7.295548700218061E18
3.450000000000000E2,1.300000000000000E2,7.850000000000000E-1,7.326886773798580E18
3.450000000000000E2,1.350000000000000E2,7.850000000000000E-1,7.254213133815183E18
3.450000000000000E2,1.400000000000000E2,7.850000000000000E-1,7.323160285838550E18
3.450000000000000E2,1.450000000000000E2,7.850000000000000E-1,7.250175852578938E18
3.450000000000000E2,1.500000000000000E2,7.850000000000000E-1,7.507631366285789E18
3.450000000000000E2,1.550000000000000E2,7.850000000000000E-1,7.402103438819937E18
3.450000000000000E2,1.600000000000000E2,7.850000000000000E-1,7.176771150299018E18
3.450000000000000E2,1.650000000000000E2,7.850000000000000E-1,7.422754809600916E18
3.450000000000000E2,1.700000000000000E2,7.850000000000000E-1,7.622748305724218E18
3.450000000000000E2,1.750000000000000E2,7.850000000000000E-1,7.687279575771287E18
3.450000000000000E2,1.800000000000000E2,7.850000000000000E-1,7.695712578070997E18
3.450000000000000E2,1.850000000000000E2,7.850000000000000E-1,7.743049279406381E18
3.450000000000000E2,1.900000000000000E2,7.850000000000000E-1,7.903741320887843E18
3.450000000000000E2,1.950000000000000E2,7.850000000000000E-1,7.804800219630651E18
3.450000000000000E2,2.000000000000000E2,7.850000000000000E-1,7.889076018523691E18
3.450000000000000E2,2.050000000000000E2,7.850000000000000E-1,7.962376802593916E18
3.450000000000000E2,2.100000000000000E2,7.850000000000000E-1,8.063456651512849E18
3.450000000000000E2,2.150000000000000E2,7.850000000000000E-1,8.387709133152816E18
3.450000000000000E2,2.200000000000000E2,7.850000000000000E-1,8.258964249609092E18
3.450000000000000E2,2.250000000000000E2,7.850000000000000E-1,8.627105105306401E18
3.450000000000000E2,2.300000000000000E2,7.850000000000000E-1,8.690198097311010E18
3.450000000000000E2,2.350000000000000E2,7.850000000000000E-1,9.065537210941921E18
3.450000000000000E2,2.400000000000000E2,7.850000000000000E-1,8.788383207860952E18
3.450000000000000E2,2.450000000000000E2,7.850000000000000E-1,8.719839934471766E18
3.450000000000000E2,2.500000000000000E2,7.850000000000000E-1,8.998971537410677E18
3.450000000000000E2,2.550000000000000E2,7.850000000000000E-1,9.233940466287792E18
3.450000000000000E2,2.599999999999999E2,7.850000000000000E-1,9.622788153812015E18
3.450000000000000E2,2.650000000000000E2,7.850000000000000E-1,9.283077780383700E18
3.450000000000000E2,2.700000000000000E2,7.850000000000000E-1,9.701996848479273E18
3.450000000000000E2,2.750000000000000E2,7.850000000000000E-1,9.916488715786152E18
3.450000000000000E2,2.800000000000000E2,7.850000000000000E-1,9.899269508545317E18
3.450000000000000E2,2.850000000000000E2,7.850000000000000E-1,1.006849745767900E19
3.450000000000000E2,2.900000000000000E2,7.850000000000000E-1,1.026977803654752E19
3.450000000000000E2,2.950000000000000E2,7.850000000000000E-1,1.061908074120558E19
3.450000000000000E2,3.000000000000000E2,7.850000000000000E-1,1.039102449465561E19
3.450000000000000E2,3.050000000000000E2,7.850000000000000E-1,1.099159958349086E19
3.450000000000000E2,3.099999999999999E2,7.850000000000000E-1,1.145862497895519E19
3.450000000000000E2,3.149999999999999E2,7.850000000000000E-1,1.151583625187655E19
3.450000000000000E2,3.199999999999999E2,7.850000000000000E-1,1.160726815854377E19
3.450000000000000E2,3.250000000000000E2,7.850000000000000E-1,1.236007182494715E19
3.450000000000000E2,3.300000000000000E2,7.850000000000000E-1,1.240948315522349E19
3.450000000000000E2,3.350000000000000E2,7.850000000000000E-1,1.244433931277400E19
3.450000000000000E2,3.400000000000000E2,7.850000000000000E-1,1.387998393115244E19
3.450000000000000E2,3.450000000000000E2,7.850000000000000E-1,1.439177588307742E19
3.450000000000000E2,3.500000000000000E2,7.850000000000000E-1,1.440686148197114E19
3.450000000000000E2,3.550000000000000E2,7.850000000000000E-1,1.499401115553829E19
3.450000000000000E2,3.600000000000000E2,7.850000000000000E-1,1.600516713896617E19
3.450000000000000E2,3.649999999999999E2,7.850000000000000E-1,1.782778316309904E19
3.450000000000000E2,3.699999999999999E2,7.850000000000000E-1,1.825593927317612E19
3.450000000000000E2,3.749999999999999E2,7.850000000000000E-1,1.917748830997980E19
3.450000000000000E2,3.799999999999999E2,7.850000000000000E-1,2.073438984974764E19
3.450000000000000E2,3.850000000000000E2,7.850000000000000E-1,2.227046302012746E19
3.450000000000000E2,3.900000000000000E2,7.850000000000000E-1,2.503345722228655E19
3.450000000000000E2,3.950000000000000E2,7.850000000000000E-1,2.834216116908872E19
3.450000000000000E2,4.000000000000000E2,7.850000000000000E-1,3.228235773507090E19
3.450000000000000E2,4.050000000000000E2,7.850000000000000E-1,3.582451444675700E19
3.450000000000000E2,4.100000000000000E2,7.850000000000000E-1,4.365701346289913E19
3.450000000000000E2,4.150000000000000E2,7.850000000000000E-1,5.415706832712890E19
3.450000000000000E2,4.199999999999999E2,7.850000000000000E-1,6.806686920221133E19
3.450000000000000E2,4.249999999999999E2,7.850000000000000E-1,9.903276188567501E19
3.450000000000000E2,4.299999999999999E2,7.850000000000000E-1,1.547561465028331E20
3.450000000000000E2,4.349999999999999E2,7.850000000000000E-1,2.642376536737130E20
3.450000000000000E2,4.399999999999999E2,7.850000000000000E-1,5.731464625102022E20
3.450000000000000E2,4.450000000000000E2,7.850000000000000E-1,1.710672671569990E21
3.450000000000000E2,4.500000000000000E2,7.850000000000000E-1,3.521737639656360E21
3.450000000000000E2,4.550000000000000E2,7.850000000000000E-1,8.519696528168254E20
3.450000000000000E2,4.600000000000000E2,7.850000000000000E-1,5.702607196683441E19
3.450000000000000E2,4.650000000000000E2,7.850000000000000E-1,2.894706970544913E18
3.450000000000000E2,4.700000000000000E2,7.850000000000000E-1,7.151191395475438E16
3.450000000000000E2,4.749999999999999E2,7.850000000000000E-1,7.585922630138032E18
3.450000000000000E2,4.800000000000000E2,7.850000000000000E-1,1.623176222170360E20
3.450000000000000E2,4.849999999999999E2,7.850000000000000E-1,7.079360830988008E18
3.450000000000000E2,4.900000000000000E2,7.850000000000000E-1,1.940214456923794E18
3.450000000000000E2,4.949999999999999E2,7.850000000000000E-1,1.245353507285483E18
3.450000000000000E2,5.000000000000000E2,7.850000000000000E-1,1.125249160796375E18
3.500000000000000E2,0.000000000000000E0,7.850000000000000E-1,7.435277070833080E18
3.500000000000000E2,4.999999999999999E0,7.850000000000000E-1,7.329458888519431E18
3.500000000000000E2,9.999999999999998E0,7.850000000000000E-1,7.122967243814804E18
3.500000000000000E2,1.500000000000000E1,7.850000000000000E-1,7.240263858903576E18
3.500000000000000E2,2.000000000000000E1,7.850000000000000E-1,7.174447950684013E18
3.500000000000000E2,2.500000000000000E1,7.850000000000000E-1,7.137204270937490E18
3.500000000000000E2,3.000000000000000E1,7.850000000000000E-1,7.162266819156717E18
3.500000000000000E2,3.500000000000000E1,7.850000000000000E-1,7.282674174791386E18
3.500000000000000E2,3.999999999999999E1,7.850000000000000E-1,7.242107358905764E18
3.500000000000000E2,4.500000000000000E1,7.850000000000000E-1,7.379946100998263E18
3.500000000000000E2,5.000000000000000E1,7.850000000000000E-1,7.409367924018037E18
3.500000000000000E2,5.499999999999999E1,7.850000000000000E-1,7.224192615566897E18
3.500000000000000E2,6.000000000000000E1,7.850000000000000E-1,7.471807422960395E18
3.500000000000000E2,6.499999999999999E1,7.850000000000000E-1,7.423493659523480E18
3.500000000000000E2,7.000000000000000E1,7.850000000000000E-1,7.308472236540045E18
3.500000000000000E2,7.500000000000000E1,7.850000000000000E-1,7.514844849336805E18
3.500000000000000E2,7.999999999999999E1,7.850000000000000E-1,7.688050148737452E18
3.500000000000000E2,8.500000000000000E1,7.850000000000000E-1,7.744709679343715E18
3.500000000000000E2,9.000000000000000E1,7.850000000000000E-1,7.621610725236474E18
3.500000000000000E2,9.499999999999999E1,7.850000000000000E-1,7.793712983475865E18
3.500000000000000E2,1.000000000000000E2,7.850000000000000E-1,7.365143100469016E18
3.500000000000000E2,1.050000000000000E2,7.850000000000000E-1,7.654607877238481E18
3.500000000000000E2,1.100000000000000E2,7.850000000000000E-1,7.673012170974289E18
3.500000000000000E2,1.150000000000000E2,7.850000000000000E-1,7.663263817596652E18
3.500000000000000E2,1.200000000000000E2,7.850000000000000E-1,7.945699715100474E18
3.500000000000000E2,1.250000000000000E2,7.850000000000000E-1,7.906038712060577E18
3.500000000000000E2,1.300000000000000E2,7.850000000000000E-1,7.582355221828392E18
3.500000000000000E2,1.350000000000000E2,7.850000000000000E-1,7.921486556651952E18
3.500000000000000E2,1.400000000000000E2,7.850000000000000E-1,7.804293559601646E18
3.500000000000000E2,1.450000000000000E2,7.850000000000000E-1,7.967635324916901E18
3.500000000000000E2,1.500000000000000E2,7.850000000000000E-1,8.232884811762021E18
3.500000000000000E2,1.550000000000000E2,7.850000000000000E-1,7.937621514582248E18
3.500000000000000E2,1.600000000000000E2,7.850000000000000E-1,8.416929099827159E18
3.500000000000000E2,1.650000000000000E2,7.850000000000000E-1,8.083566611878098E18
3.500000000000000E2,1.700000000000000E2,7.850000000000000E-1,8.260342414419916E18
3.500000000000000E2,1.750000000000000E2,7.850000000000000E-1,8.179944114043351E18
3.500000000000000E2,1.800000000000000E2,7.850000000000000E-1,8.653467222678063E18
3.500000000000000E2,1.850000000000000E2,7.850000000000000E-1,8.634437896084951E18
3.500000000000000E2,1.900000000000000E2,7.850000000000000E-1,8.770940586252692E18
3.500000000000000E2,1.950000000000000E2,7.850000000000000E-1,8.641298998630406E18
3.500000000000000E2,2.000000000000000E2,7.850000000000000E-1,8.695888279847830E18
3.500000000000000E2,2.050000000000000E2,7.850000000000000E-1,8.990140260003109E18
3.500000000000000E2,2.100000000000000E2,7.850000000000000E-1,9.239435108409147E18
3.500000000000000E2,2.150000000000000E2,7.850000000000000E-1,9.046333929204839E18
3.500000000000000E2,2.200000000000000E2,7.850000000000000E-1,9.303496007735648E18
3.500000000000000E2,2.250000000000000E2,7.850000000000000E-1,9.384264678774780E18
3.500000000000000E2,2.300000000000000E2,7.850000000000000E-1,9.784478266602484E18
3.500000000000000E2,2.350000000000000E2,7.850000000000000E-1,9.350083986235564E18
3.500000000000000E2,2.400000000000000E2,7.850000000000000E-1,1.022372004550263E19
3.500000000000000E2,2.450000000000000E2,7.850000000000000E-1,1.013439903302521E19
3.500000000000000E2,2.500000000000000E2,7.850000000000000E-1,1.030137569814909E19
3.500000000000000E2,2.550000000000000E2,7.850000000000000E-1,1.023933664241617E19
3.500000000000000E2,2.599999999999999E2,7.850000000000000E-1,1.066185902348371E19
3.500000000000000E2,2.650000000000000E2,7.850000000000000E-1,1.075050831974838E19
3.500000000000000E2,2.700000000000000E2,7.850000000000000E-1,1.099243671546843E19
3.500000000000000E2,2.750000000000000E2,7.850000000000000E-1,1.104017383338081E19
3.500000000000000E2,2.800000000000000E2,7.850000000000000E-1,1.111629683616807E19
3.500000000000000E2,2.850000000000000E2,7.850000000000000E-1,1.157179643320446E19
3.500000000000000E2,2.900000000000000E2,7.850000000000000E-1,1.139620490346746E19
3.500000000000000E2,2.950000000000000E2,7.850000000000000E-1,1.197821937210362E19
3.500000000000000E2,3.000000000000000E2,7.850000000000000E-1,1.204383067649317E19
3.500000000000000E2,3.050000000000000E2,7.850000000000000E-1,1.251450967069887E19
3.500000000000000E2,3.099999999999999E2,7.850000000000000E-1,1.306990851028837E19
3.500000000000000E2,3.149999999999999E2,7.850000000000000E-1,1.323364684659569E19
3.500000000000000E2,3.199999999999999E2,7.850000000000000E-1,1.372451851121732E19
3.500000000000000E2,3.250000000000000E2,7.850000000000000E-1,1.426226385729396E19
3.500000000000000E2,3.300000000000000E2,7.850000000000000E-1,1.412216316077607E19
3.500000000000000E2,3.350000000000000E2,7.850000000000000E-1,1.472756598644655E19
3.500000000000000E2,3.400000000000000E2,7.850000000000000E-1,1.573414495503079E19
3.500000000000000E2,3.450000000000000E2,7.850000000000000E-1,1.666191334851420E19
3.500000000000000E2,3.500000000000000E2,7.850000000000000E-1,1.759659643170559E19
3.500000000000000E2,3.550000000000000E2,7.850000000000000E-1,1.828961608022140E19
3.500000000000000E2,3.600000000000000E2,7.850000000000000E-1,1.991517502358802E19
3.500000000000000E2,3.649999999999999E2,7.850000000000000E-1,2.001337659275867E19
3.500000000000000E2,3.699999999999999E2,7.850000000000000E-1,2.258069847604826E19
3.500000000000000E2,3.749999999999999E2,7.850000000000000E-1,2.332705515543168E19
3.500000000000000E2,3.799999999999999E2,7.850000000000000E-1,2.528996836993364E19
3.500000000000000E2,3.850000000000000E2,7.850000000000000E-1,2.936867270165666E19
3.500000000000000E2,3.900000000000000E2,7.850000000000000E-1,3.304112086711342E19
3.500000000000000E2,3.950000000000000E2,7.850000000000000E-1,3.762561731497468E19
3.500000000000000E2,4.000000000000000E2,7.850000000000000E-1,4.150187150658408E19
3.500000000000000E2,4.050000000000000E2,7.850000000000000E-1,5.276667347482700E19
3.500000000000000E2,4.100000000000000E2,7.850000000000000E-1,6.583913240796501E19
3.500000000000000E2,4.150000000000000E2,7.850000000000000E-1,8.538736582836647E19
3.500000000000000E2,4.199999999999999E2,7.850000000000000E-1,1.216546084533214E20
3.500000000000000E2,4.249999999999999E2,7.850000000000000E-1,1.868345921556211E20
3.500000000000000E2,4.299999999999999E2,7.850000000000000E-1,3.332534939203185E20
3.500000000000000E2,4.349999999999999E2,7.850000000000000E-1,7.650021281828975E20
3.500000000000000E2,4.399999999999999E2,7.850000000000000E-1,2.060766107084870E21
3.500000000000000E2,4.450000000000000E2,7.850000000000000E-1,3.347918429672335E21
3.500000000000000E2,4.500000000000000E2,7.850000000000000E-1,6.091142920222680E20
3.500000000000000E2,4.550000000000000E2,7.850000000000000E-1,4.318793099826109E19
3.500000000000000E2,4.600000000000000E2,7.850000000000000E-1,1.952407848631990E18
3.500000000000000E2,4.650000000000000E2,7.850000000000000E-1,1.062323065316349E17
3.500000000000000E2,4.700000000000000E2,7.850000000000000E-1,2.557436595535486E19
3.500000000000000E2,4.749999999999999E2,7.850000000000000E-1,1.100571127578083E20
3.500000000000000E2,4.800000000000000E2,7.850000000000000E-1,6.472391625778013E18
3.500000000000000E2,4.849999999999999E2,7.850000000000000E-1,1.845993766706121E18
3.500000000000000E2,4.900000000000000E2,7.850000000000000E-1,1.168286331479097E18
3.500000000000000E2,4.949999999999999E2,7.850000000000000E-1,1.068916565730565E18
3.500000000000000E2,5.000000000000000E2,7.850000000000000E-1,1.119852096119714E18
3.550000000000000E2,0.000000000000000E0,7.850000000000000E-1,8.422296498845632E18
3.550000000000000E2,4.999999999999999E0,7.850000000000000E-1,8.206562372542089E18
3.550000000000000E2,9.999999999999998E0,7.850000000000000E-1,7.894170831945026E18
3.550000000000000E2,1.500000000000000E1,7.850000000000000E-1,7.838403932772536E18
3.550000000000000E2,2.000000000000000E1,7.850000000000000E-1,7.810254681384559E18
3.550000000000000E2,2.500000000000000E1,7.850000000000000E-1,8.028252369210848E18
3.550000000000000E2,3.000000000000000E1,7.850000000000000E-1,7.924328977099945E18
3.550000000000000E2,3.500000000000000E1,7.850000000000000E-1,8.011253414875360E18
3.550000000000000E2,3.999999999999999E1,7.850000000000000E-1,7.875614342150530E18
3.550000000000000E2,4.500000000000000E1,7.850000000000000E-1,7.982122768123585E18
3.550000000000000E2,5.000000000000000E1,7.850000000000000E-1,8.013250335200414E18
3.550000000000000E2,5.499999999999999E1,7.850000000000000E-1,8.063416167351209E18
3.550000000000000E2,6.000000000000000E1,7.850000000000000E-1,8.154992298700276E18
3.550000000000000E2,6.499999999999999E1,7.850000000000000E-1,8.174468718168777E18
3.550000000000000E2,7.000000000000000E1,7.850000000000000E-1,8.174753323487525E18
3.550000000000000E2,7.500000000000000E1,7.850000000000000E-1,8.373382065577010E18
3.550000000000000E2,7.999999999999999E1,7.850000000000000E-1,8.243126662307865E18
3.550000000000000E2,8.500000000000000E1,7.850000000000000E-1,8.129299344503658E18
3.550000000000000E2,9.000000000000000E1,7.850000000000000E-1,8.081542905642289E18
3.550000000000000E2,9.499999999999999E1,7.850000000000000E-1,8.238737899909385E18
3.550000000000000E2,1.000000000000000E2,7.850000000000000E-1,8.585371652575973E18
3.550000000000000E2,1.050000000000000E2,7.850000000000000E-1,8.436082454957955E18
3.550000000000000E2,1.100000000000000E2,7.850000000000000E-1,8.347934121273281E18
3.550000000000000E2,1.150000000000000E2,7.850000000000000E-1,8.508614475835765E18
3.550000000000000E2,1.200000000000000E2,7.850000000000000E-1,8.459159076799373E18
3.550000000000000E2,1.250000000000000E2,7.850000000000000E-1,8.794502470912971E18
3.550000000000000E2,1.300000000000000E2,7.850000000000000E-1,8.522311000740827E18
3.550000000000000E2,1.350000000000000E2,7.850000000000000E-1,8.820022683047434E18
3.550000000000000E2,1.400000000000000E2,7.850000000000000E-1,8.984608585943990E18
3.550000000000000E2,1.450000000000000E2,7.850000000000000E-1,9.077673379712256E18
3.550000000000000E2,1.500000000000000E2,7.850000000000000E-1,9.167524770308667E18
3.550000000000000E2,1.550000000000000E2,7.850000000000000E-1,8.952502505006466E18
3.550000000000000E2,1.600000000000000E2,7.850000000000000E-1,9.071684521444465E18
3.550000000000000E2,1.650000000000000E2,7.850000000000000E-1,9.284494983094550E18
3.550000000000000E2,1.700000000000000E2,7.850000000000000E-1,9.313569752577060E18
3.550000000000000E2,1.750000000000000E2,7.850000000000000E-1,9.446445416870630E18
3.550000000000000E2,1.800000000000000E2,7.850000000000000E-1,9.241136759663065E18
3.550000000000000E2,1.850000000000000E2,7.850000000000000E-1,9.807952694409478E18
3.550000000000000E2,1.900000000000000E2,7.850000000000000E-1,9.488552587291455E18
3.550000000000000E2,1.950000000000000E2,7.850000000000000E-1,9.416518051513747E18
3.550000000000000E2,2.000000000000000E2,7.850000000000000E-1,9.649305502300746E18
3.550000000000000E2,2.050000000000000E2,7.850000000000000E-1,9.825543976214073E18
3.550000000000000E2,2.100000000000000E2,7.850000000000000E-1,1.019060262299669E19
3.550000000000000E2,2.150000000000000E2,7.850000000000000E-1,9.966601215574708E18
3.550000000000000E2,2.200000000000000E2,7.850000000000000E-1,1.027429915840492E19
3.550000000000000E2,2.250000000000000E2,7.850000000000000E-1,1.069533884899566E19
3.550000000000000E2,2.300000000000000E2,7.850000000000000E-1,1.060102772716667E19
3.550000000000000E2,2.350000000000000E2,7.850000000000000E-1,1.034717508880397E19
3.550000000000000E2,2.400000000000000E2,7.850000000000000E-1,1.067213224256514E19
3.550000000000000E2,2.450000000000000E2,7.850000000000000E-1,1.116043800765754E19
3.550000000000000E2,2.500000000000000E2,7.850000000000000E-1,1.107507651665494E19
3.550000000000000E2,2.550000000000000E2,7.850000000000000E-1,1.110720920260860E19
3.550000000000000E2,2.599999999999999E2,7.850000000000000E-1,1.141138402651684E19
3.550000000000000E2,2.650000000000000E2,7.850000000000000E-1,1.150821624386168E19
3.550000000000000E2,2.700000000000000E2,7.850000000000000E-1,1.245646504940667E19
3.550000000000000E2,2.750000000000000E2,7.850000000000000E-1,1.259513711040989E19
3.550000000000000E2,2.800000000000000E2,7.850000000000000E-1,1.345223819072813E19
3.550000000000000E2,2.850000000000000E2,7.850000000000000E-1,1.253535457096911E19
3.550000000000000E2,2.900000000000000E2,7.850000000000000E-1,1.376615689723014E19
3.550000000000000E2,2.950000000000000E2,7.850000000000000E-1,1.324283571276563E19
3.550000000000000E2,3.000000000000000E2,7.850000000000000E-1,1.368632043824107E19
3.550000000000000E2,3.050000000000000E2,7.850000000000000E-1,1.407082715361963E19
3.550000000000000E2,3.099999999999999E2,7.850000000000000E-1,1.463299799283653E19
3.550000000000000E2,3.149999999999999E2,7.850000000000000E-1,1.525215254344005E19
3.550000000000000E2,3.199999999999999E2,7.850000000000000E-1,1.585713560509879E19
3.550000000000000E2,3.250000000000000E2,7.850000000000000E-1,1.632628220964532E19
3.550000000000000E2,3.300000000000000E2,7.850000000000000E-1,1.689073917315588E19
3.550000000000000E2,3.350000000000000E2,7.850000000000000E-1,1.738329701040763E19
3.550000000000000E2,3.400000000000000E2,7.850000000000000E-1,1.837858664141473E19
3.550000000000000E2,3.450000000000000E2,7.850000000000000E-1,1.912850992262988E19
3.550000000000000E2,3.500000000000000E2,7.850000000000000E-1,2.106221629080044E19
3.550000000000000E2,3.550000000000000E2,7.850000000000000E-1,2.130159250402348E19
3.550000000000000E2,3.600000000000000E2,7.850000000000000E-1,2.311237741914701E19
3.550000000000000E2,3.649999999999999E2,7.850000000000000E-1,2.567810924193351E19
3.550000000000000E2,3.699999999999999E2,7.850000000000000E-1,2.825758148437091E19
3.550000000000000E2,3.749999999999999E2,7.850000000000000E-1,3.045394287231654E19
3.550000000000000E2,3.799999999999999E2,7.850000000000000E-1,3.420700164341666E19
3.550000000000000E2,3.850000000000000E2,7.850000000000000E-1,3.844604872175259E19
3.550000000000000E2,3.900000000000000E2,7.850000000000000E-1,4.386672367175469E19
3.550000000000000E2,3.950000000000000E2,7.850000000000000E-1,4.971686914250539E19
3.550000000000000E2,4.000000000000000E2,7.850000000000000E-1,6.202006755267089E19
3.550000000000000E2,4.050000000000000E2,7.850000000000000E-1,7.904789046978720E19
3.550000000000000E2,4.100000000000000E2,7.850000000000000E-1,1.017015843567254E20
3.550000000000000E2,4.150000000000000E2,7.850000000000000E-1,1.529888111203672E20
3.550000000000000E2,4.199999999999999E2,7.850000000000000E-1,2.362210341764201E20
3.550000000000000E2,4.249999999999999E2,7.850000000000000E-1,4.376778160627483E20
3.550000000000000E2,4.299999999999999E2,7.850000000000000E-1,9.267039572475009E20
3.550000000000000E2,4.349999999999999E2,7.850000000000000E-1,2.337338072068050E21
3.550000000000000E2,4.399999999999999E2,7.850000000000000E-1,2.885474827840998E21
3.550000000000000E2,4.450000000000000E2,7.850000000000000E-1,4.471512500103409E20
3.550000000000000E2,4.500000000000000E2,7.850000000000000E-1,3.219369489761930E19
3.550000000000000E2,4.550000000000000E2,7.850000000000000E-1,1.258248708394459E18
3.550000000000000E2,4.600000000000000E2,7.850000000000000E-1,1.984115167378715E17
3.550000000000000E2,4.650000000000000E2,7.850000000000000E-1,7.428134857740211E19
3.550000000000000E2,4.700000000000000E2,7.850000000000000E-1,8.665163373614178E19
3.550000000000000E2,4.749999999999999E2,7.850000000000000E-1,6.201557791386434E18
3.550000000000000E2,4.800000000000000E2,7.850000000000000E-1,1.789468902484400E18
3.550000000000000E2,4.849999999999999E2,7.850000000000000E-1,1.114788583210399E18
3.550000000000000E2,4.900000000000000E2,7.850000000000000E-1,1.000141473810827E18
3.550000000000000E2,4.949999999999999E2,7.850000000000000E-1,1.057608874115391E18
3.550000000000000E2,5.000000000000000E2,7.850000000000000E-1,1.220405968539734E18
3.600000000000000E2,0.000000000000000E0,7.850000000000000E-1,9.063601277163691E18
3.600000000000000E2,4.999999999999999E0,7.850000000000000E-1,9.107943039632946E18
3.600000000000000E2,9.999999999999998E0,7.850000000000000E-1,8.737891829459375E18
3.600000000000000E2,1.500000000000000E1,7.850000000000000E-1,8.601169846171802E18
3.600000000000000E2,2.000000000000000E1,7.850000000000000E-1,8.580804316300073E18
3.600000000000000E2,2.500000000000000E1,7.850000000000000E-1,8.478832859686924E18
3.600000000000000E2,3.000000000000000E1,7.850000000000000E-1,8.603796718580949E18
3.600000000000000E2,3.500000000000000E1,7.850000000000000E-1,8.558515952596995E18
3.600000000000000E2,3.999999999999999E1,7.850000000000000E-1,8.835018884399392E18
3.600000000000000E2,4.500000000000000E1,7.850000000000000E-1,8.984521382435550E18
3.600000000000000E2,5.000000000000000E1,7.850000000000000E-1,8.941002434637138E18
3.600000000000000E2,5.499999999999999E1,7.850000000000000E-1,8.903982045452613E18
3.600000000000000E2,6.000000000000000E1,7.850000000000000E-1,8.735876532141143E18
3.600000000000000E2,6.499999999999999E1,7.850000000000000E-1,8.696436412137498E18
3.600000000000000E2,7.000000000000000E1,7.850000000000000E-1,9.115829345662169E18
3.600000000000000E2,7.500000000000000E1,7.850000000000000E-1,9.114286434639755E18
3.600000000000000E2,7.999999999999999E1,7.850000000000000E-1,8.983726705495707E18
3.600000000000000E2,8.500000000000000E1,7.850000000000000E-1,9.030015874654231E18
3.600000000000000E2,9.000000000000000E1,7.850000000000000E-1,8.888546573535894E18
3.600000000000000E2,9.499999999999999E1,7.850000000000000E-1,9.033382008357273E18
3.600000000000000E2,1.000000000000000E2,7.850000000000000E-1,9.217662626242125E18
3.600000000000000E2,1.050000000000000E2,7.850000000000000E-1,9.393723502918298E18
3.600000000000000E2,1.100000000000000E2,7.850000000000000E-1,9.302535408949514E18
3.600000000000000E2,1.150000000000000E2,7.850000000000000E-1,9.390097878222256E18
3.600000000000000E2,1.200000000000000E2,7.850000000000000E-1,9.616729997295288E18
3.600000000000000E2,1.250000000000000E2,7.850000000000000E-1,9.236958948412746E18
3.600000000000000E2,1.300000000000000E2,7.850000000000000E-1,9.421375396496185E18
3.600000000000000E2,1.350000000000000E2,7.850000000000000E-1,9.800169208449473E18
3.600000000000000E2,1.400000000000000E2,7.850000000000000E-1,9.892560093098287E18
3.600000000000000E2,1.450000000000000E2,7.850000000000000E-1,9.765976635567411E18
3.600000000000000E2,1.500000000000000E2,7.850000000000000E-1,9.849988096220047E18
3.600000000000000E2,1.550000000000000E2,7.850000000000000E-1,9.857984556251013E18
3.600000000000000E2,1.600000000000000E2,7.850000000000000E-1,9.837754609866248E18
3.600000000000000E2,1.650000000000000E2,7.850000000000000E-1,1.009532369707307E19
3.600000000000000E2,1.700000000000000E2,7.850000000000000E-1,1.018284527181655E19
3.600000000000000E2,1.750000000000000E2,7.850000000000000E-1,1.004271905137197E19
3.600000000000000E2,1.800000000000000E2,7.850000000000000E-1,1.049264658812011E19
3.600000000000000E2,1.850000000000000E2,7.850000000000000E-1,1.057411646399552E19
3.600000000000000E2,1.900000000000000E2,7.850000000000000E-1,1.079189234841520E19
3.600000000000000E2,1.950000000000000E2,7.850000000000000E-1,1.128452005548652E19
3.600000000000000E2,2.000000000000000E2,7.850000000000000E-1,1.102775291713633E19
3.600000000000000E2,2.050000000000000E2,7.850000000000000E-1,1.074437383082994E19
3.600000000000000E2,2.100000000000000E2,7.850000000000000E-1,1.108270624614795E19
3.600000000000000E2,2.150000000000000E2,7.850000000000000E-1,1.100248487765345E19
3.600000000000000E2,2.200000000000000E2,7.850000000000000E-1,1.162269896376392E19
3.600000000000000E2,2.250000000000000E2,7.850000000000000E-1,1.141930988151114E19
3.600000000000000E2,2.300000000000000E2,7.850000000000000E-1,1.179541726673545E19
3.600000000000000E2,2.350000000000000E2,7.850000000000000E-1,1.200629565874070E19
3.600000000000000E2,2.400000000000000E2,7.850000000000000E-1,1.263267962193426E19
3.600000000000000E2,2.450000000000000E2,7.850000000000000E-1,1.250601481397534E19
3.600000000000000E2,2.500000000000000E2,7.850000000000000E-1,1.265532160596882E19
3.600000000000000E2,2.550000000000000E2,7.850000000000000E-1,1.297538773907581E19
3.600000000000000E2,2.599999999999999E2,7.850000000000000E-1,1.330822201835990E19
3.600000000000000E2,2.650000000000000E2,7.850000000000000E-1,1.374319991319719E19
3.600000000000000E2,2.700000000000000E2,7.850000000000000E-1,1.474153248428447E19
3.600000000000000E2,2.750000000000000E2,7.850000000000000E-1,1.414029795459280E19
3.600000000000000E2,2.800000000000000E2,7.850000000000000E-1,1.476612438978139E19
3.600000000000000E2,2.850000000000000E2,7.850000000000000E-1,1.481605653753827E19
3.600000000000000E2,2.900000000000000E2,7.850000000000000E-1,1.541724104483426E19
3.600000000000000E2,2.950000000000000E2,7.850000000000000E-1,1.594916946632045E19
3.600000000000000E2,3.000000000000000E2,7.850000000000000E-1,1.575841200468265E19
3.600000000000000E2,3.050000000000000E2,7.850000000000000E-1,1.686652974721655E19
3.600000000000000E2,3.099999999999999E2,7.850000000000000E-1,1.697179891450760E19
3.600000000000000E2,3.149999999999999E2,7.850000000000000E-1,1.829368637945659E19
3.600000000000000E2,3.199999999999999E2,7.850000000000000E-1,1.829831511643070E19
3.600000000000000E2,3.250000000000000E2,7.850000000000000E-1,1.957514568020914E19
3.600000000000000E2,3.300000000000000E2,7.850000000000000E-1,2.016439318294983E19
3.600000000000000E2,3.350000000000000E2,7.850000000000000E-1,2.225993125786704E19
3.600000000000000E2,3.400000000000000E2,7.850000000000000E-1,2.290293957943961E19
3.600000000000000E2,3.450000000000000E2,7.850000000000000E-1,2.396740969153168E19
3.600000000000000E2,3.500000000000000E2,7.850000000000000E-1,2.435701044652549E19
3.600000000000000E2,3.550000000000000E2,7.850000000000000E-1,2.754486627457069E19
3.600000000000000E2,3.600000000000000E2,7.850000000000000E-1,2.941994082782205E19
3.600000000000000E2,3.649999999999999E2,7.850000000000000E-1,3.282848117589678E19
3.600000000000000E2,3.699999999999999E2,7.850000000000000E-1,3.610426399219374E19
3.600000000000000E2,3.749999999999999E2,7.850000000000000E-1,4.207508449157484E19
3.600000000000000E2,3.799999999999999E2,7.850000000000000E-1,4.543735968866183E19
3.600000000000000E2,3.850000000000000E2,7.850000000000000E-1,5.228116881754075E19
3.600000000000000E2,3.900000000000000E2,7.850000000000000E-1,6.351204020341821E19
3.600000000000000E2,3.950000000000000E2,7.850000000000000E-1,7.593388548983313E19
3.600000000000000E2,4.000000000000000E2,7.850000000000000E-1,9.602961987666433E19
3.600000000000000E2,4.050000000000000E2,7.850000000000000E-1,1.343618826532512E20
3.600000000000000E2,4.100000000000000E2,7.850000000000000E-1,1.894748550436529E20
3.600000000000000E2,4.150000000000000E2,7.850000000000000E-1,3.204993883255947E20
3.600000000000000E2,4.199999999999999E2,7.850000000000000E-1,6.259911536909242E20
3.600000000000000E2,4.249999999999999E2,7.850000000000000E-1,1.442167927302578E21
3.600000000000000E2,4.299999999999999E2,7.850000000000000E-1,3.430010337133425E21
3.600000000000000E2,4.349999999999999E2,7.850000000000000E-1,3.064238230302292E21
3.600000000000000E2,4.399999999999999E2,7.850000000000000E-1,5.165241426012520E20
3.600000000000000E2,4.450000000000000E2,7.850000000000000E-1,5.168382397495770E19
3.600000000000000E2,4.500000000000000E2,7.850000000000000E-1,3.286743157080507E18
3.600000000000000E2,4.550000000000000E2,7.850000000000000E-1,1.318082612015990E18
3.600000000000000E2,4.600000000000000E2,7.850000000000000E-1,7.303677757753738E20
3.600000000000000E2,4.650000000000000E2,7.850000000000000E-1,5.063093063499992E20
3.600000000000000E2,4.700000000000000E2,7.850000000000000E-1,6.883187053828199E19
3.600000000000000E2,4.749999999999999E2,7.850000000000000E-1,2.355960571979119E19
3.600000000000000E2,4.800000000000000E2,7.850000000000000E-1,1.192152380865277E19
3.600000000000000E2,4.849999999999999E2,7.850000000000000E-1,7.467635247282933E18
3.600000000000000E2,4.900000000000000E2,7.850000000000000E-1,5.362741734369582E18
3.600000000000000E2,4.949999999999999E2,7.850000000000000E-1,4.324036112450230E18
3.600000000000000E2,5.000000000000000E2,7.850000000000000E-1,3.736034150401472E18
