% Model,attempt8.mph
% Version,COMSOL 6.1.0.282
% Date,"Aug 27 2025, 15:24"
% Table,ewfd.normE^4_ate_325nm - 
% pyramid_l (nm),D (nm),lambda0 (µm),ewfd.normE^4 (kg^4*m^6/(s^12*A^4))
2.125000000000000E2,0.000000000000000E0,6.330000000000000E-1,2.751823733003225E18
2.125000000000000E2,1.250000000000000E1,6.330000000000000E-1,2.916054669942905E18
2.125000000000000E2,2.500000000000000E1,6.330000000000000E-1,3.154211501604962E18
2.125000000000000E2,3.750000000000000E1,6.330000000000000E-1,3.259625240943203E18
2.125000000000000E2,5.000000000000000E1,6.330000000000000E-1,3.366233933018777E18
2.125000000000000E2,6.250000000000000E1,6.330000000000000E-1,3.569772961097844E18
2.125000000000000E2,7.500000000000000E1,6.330000000000000E-1,3.698267142264840E18
2.125000000000000E2,8.750000000000000E1,6.330000000000000E-1,3.881507226403847E18
2.125000000000000E2,1.000000000000000E2,6.330000000000000E-1,3.992852160624356E18
2.125000000000000E2,1.125000000000000E2,6.330000000000000E-1,4.185107918204806E18
2.125000000000000E2,1.250000000000000E2,6.330000000000000E-1,4.408014276002299E18
2.125000000000000E2,1.375000000000000E2,6.330000000000000E-1,4.463204584615876E18
2.125000000000000E2,1.500000000000000E2,6.330000000000000E-1,4.598908700420837E18
2.125000000000000E2,1.625000000000000E2,6.330000000000000E-1,4.778231765824423E18
2.125000000000000E2,1.750000000000000E2,6.330000000000000E-1,4.903731665831691E18
2.125000000000000E2,1.875000000000000E2,6.330000000000000E-1,5.006211816621476E18
2.125000000000000E2,2.000000000000000E2,6.330000000000000E-1,5.217359123287262E18
2.125000000000000E2,2.125000000000000E2,6.330000000000000E-1,5.396870219800826E18
2.125000000000000E2,2.250000000000000E2,6.330000000000000E-1,5.473736618458838E18
2.125000000000000E2,2.375000000000000E2,6.330000000000000E-1,5.683797202203144E18
2.125000000000000E2,2.500000000000000E2,6.330000000000000E-1,5.721763867595763E18
2.125000000000000E2,2.625000000000000E2,6.330000000000000E-1,5.987102716338208E18
2.125000000000000E2,2.750000000000000E2,6.330000000000000E-1,6.182424863130795E18
2.125000000000000E2,2.874999999999999E2,6.330000000000000E-1,6.301459674106181E18
2.125000000000000E2,3.000000000000000E2,6.330000000000000E-1,6.472802797127063E18
2.125000000000000E2,3.125000000000000E2,6.330000000000000E-1,6.704385028977222E18
2.125000000000000E2,3.250000000000000E2,6.330000000000000E-1,6.835381967009688E18
2.125000000000000E2,3.374999999999999E2,6.330000000000000E-1,7.082237901686152E18
2.125000000000000E2,3.500000000000000E2,6.330000000000000E-1,7.289739965522966E18
2.125000000000000E2,3.625000000000000E2,6.330000000000000E-1,7.674659487076034E18
2.125000000000000E2,3.749999999999999E2,6.330000000000000E-1,8.417206701978664E18
2.125000000000000E2,3.875000000000000E2,6.330000000000000E-1,9.993490174982838E18
2.125000000000000E2,4.000000000000000E2,6.330000000000000E-1,1.478193808883827E19
2.125000000000000E2,4.125000000000000E2,6.330000000000000E-1,6.995020388640565E19
2.125000000000000E2,4.249999999999999E2,6.330000000000000E-1,5.892137796440357E20
2.125000000000000E2,4.375000000000000E2,6.330000000000000E-1,3.457835380032253E19
2.125000000000000E2,4.500000000000000E2,6.330000000000000E-1,1.789275492303574E19
2.125000000000000E2,4.624999999999999E2,6.330000000000000E-1,1.761517795281681E20
2.125000000000000E2,4.749999999999999E2,6.330000000000000E-1,1.026337690751024E19
2.125000000000000E2,4.874999999999999E2,6.330000000000000E-1,9.175877784024569E18
2.125000000000000E2,5.000000000000000E2,6.330000000000000E-1,8.992426613131353E18
2.250000000000000E2,0.000000000000000E0,6.330000000000000E-1,3.505403688554956E18
2.250000000000000E2,1.250000000000000E1,6.330000000000000E-1,3.696504460167084E18
2.250000000000000E2,2.500000000000000E1,6.330000000000000E-1,3.901562360482896E18
2.250000000000000E2,3.750000000000000E1,6.330000000000000E-1,4.073875000776491E18
2.250000000000000E2,5.000000000000000E1,6.330000000000000E-1,4.232715716330578E18
2.250000000000000E2,6.250000000000000E1,6.330000000000000E-1,4.434062205497173E18
2.250000000000000E2,7.500000000000000E1,6.330000000000000E-1,4.662261344223537E18
2.250000000000000E2,8.750000000000000E1,6.330000000000000E-1,4.799350861574827E18
2.250000000000000E2,1.000000000000000E2,6.330000000000000E-1,4.877772592644441E18
2.250000000000000E2,1.125000000000000E2,6.330000000000000E-1,5.202356656323383E18
2.250000000000000E2,1.250000000000000E2,6.330000000000000E-1,5.368593645346581E18
2.250000000000000E2,1.375000000000000E2,6.330000000000000E-1,5.570489278890036E18
2.250000000000000E2,1.500000000000000E2,6.330000000000000E-1,5.679119080487615E18
2.250000000000000E2,1.625000000000000E2,6.330000000000000E-1,5.997169511545322E18
2.250000000000000E2,1.750000000000000E2,6.330000000000000E-1,6.001360107398605E18
2.250000000000000E2,1.875000000000000E2,6.330000000000000E-1,6.179855266723652E18
2.250000000000000E2,2.000000000000000E2,6.330000000000000E-1,6.640230564760294E18
2.250000000000000E2,2.125000000000000E2,6.330000000000000E-1,6.570068661700328E18
2.250000000000000E2,2.250000000000000E2,6.330000000000000E-1,6.700966417856349E18
2.250000000000000E2,2.375000000000000E2,6.330000000000000E-1,6.930491619449424E18
2.250000000000000E2,2.500000000000000E2,6.330000000000000E-1,7.232253838404674E18
2.250000000000000E2,2.625000000000000E2,6.330000000000000E-1,7.294283649959252E18
2.250000000000000E2,2.750000000000000E2,6.330000000000000E-1,7.462609673715504E18
2.250000000000000E2,2.874999999999999E2,6.330000000000000E-1,7.881368463304484E18
2.250000000000000E2,3.000000000000000E2,6.330000000000000E-1,8.174665823155750E18
2.250000000000000E2,3.125000000000000E2,6.330000000000000E-1,8.502532051569992E18
2.250000000000000E2,3.250000000000000E2,6.330000000000000E-1,8.882245870423658E18
2.250000000000000E2,3.374999999999999E2,6.330000000000000E-1,9.071476786413216E18
2.250000000000000E2,3.500000000000000E2,6.330000000000000E-1,1.013624987575301E19
2.250000000000000E2,3.625000000000000E2,6.330000000000000E-1,1.104466751970441E19
2.250000000000000E2,3.749999999999999E2,6.330000000000000E-1,1.389484419302325E19
2.250000000000000E2,3.875000000000000E2,6.330000000000000E-1,2.344271133556466E19
2.250000000000000E2,4.000000000000000E2,6.330000000000000E-1,1.634312309393500E20
2.250000000000000E2,4.125000000000000E2,6.330000000000000E-1,6.277002421406691E20
2.250000000000000E2,4.249999999999999E2,6.330000000000000E-1,4.374877016982227E19
2.250000000000000E2,4.375000000000000E2,6.330000000000000E-1,2.491095005678021E19
2.250000000000000E2,4.500000000000000E2,6.330000000000000E-1,8.221562681954286E19
2.250000000000000E2,4.624999999999999E2,6.330000000000000E-1,1.279012094189367E19
2.250000000000000E2,4.749999999999999E2,6.330000000000000E-1,1.134872129586354E19
2.250000000000000E2,4.874999999999999E2,6.330000000000000E-1,1.097446541618425E19
2.250000000000000E2,5.000000000000000E2,6.330000000000000E-1,1.087805297386645E19
2.375000000000000E2,0.000000000000000E0,6.330000000000000E-1,4.912663972135275E18
2.375000000000000E2,1.250000000000000E1,6.330000000000000E-1,4.624830077422606E18
2.375000000000000E2,2.500000000000000E1,6.330000000000000E-1,4.867899800090751E18
2.375000000000000E2,3.750000000000000E1,6.330000000000000E-1,5.154066659117312E18
2.375000000000000E2,5.000000000000000E1,6.330000000000000E-1,5.207892753917553E18
2.375000000000000E2,6.250000000000000E1,6.330000000000000E-1,5.381916842091581E18
2.375000000000000E2,7.500000000000000E1,6.330000000000000E-1,5.569993781167863E18
2.375000000000000E2,8.750000000000000E1,6.330000000000000E-1,5.849444423087715E18
2.375000000000000E2,1.000000000000000E2,6.330000000000000E-1,6.060588909442433E18
2.375000000000000E2,1.125000000000000E2,6.330000000000000E-1,6.318785869223532E18
2.375000000000000E2,1.250000000000000E2,6.330000000000000E-1,6.489865329348353E18
2.375000000000000E2,1.375000000000000E2,6.330000000000000E-1,6.744667474643465E18
2.375000000000000E2,1.500000000000000E2,6.330000000000000E-1,6.927265445845688E18
2.375000000000000E2,1.625000000000000E2,6.330000000000000E-1,7.052876671149932E18
2.375000000000000E2,1.750000000000000E2,6.330000000000000E-1,7.283258853567037E18
2.375000000000000E2,1.875000000000000E2,6.330000000000000E-1,7.454936175954608E18
2.375000000000000E2,2.000000000000000E2,6.330000000000000E-1,7.729301220325000E18
2.375000000000000E2,2.125000000000000E2,6.330000000000000E-1,8.020195513502764E18
2.375000000000000E2,2.250000000000000E2,6.330000000000000E-1,8.187986684891482E18
2.375000000000000E2,2.375000000000000E2,6.330000000000000E-1,8.470085824741669E18
2.375000000000000E2,2.500000000000000E2,6.330000000000000E-1,8.601152645786700E18
2.375000000000000E2,2.625000000000000E2,6.330000000000000E-1,9.039333311044351E18
2.375000000000000E2,2.750000000000000E2,6.330000000000000E-1,9.269922707246557E18
2.375000000000000E2,2.874999999999999E2,6.330000000000000E-1,9.520381443559176E18
2.375000000000000E2,3.000000000000000E2,6.330000000000000E-1,1.022215084565937E19
2.375000000000000E2,3.125000000000000E2,6.330000000000000E-1,1.053562911623717E19
2.375000000000000E2,3.250000000000000E2,6.330000000000000E-1,1.160521815179116E19
2.375000000000000E2,3.374999999999999E2,6.330000000000000E-1,1.268017892588898E19
2.375000000000000E2,3.500000000000000E2,6.330000000000000E-1,1.485758823027830E19
2.375000000000000E2,3.625000000000000E2,6.330000000000000E-1,1.989600016768585E19
2.375000000000000E2,3.749999999999999E2,6.330000000000000E-1,3.863326386637180E19
2.375000000000000E2,3.875000000000000E2,6.330000000000000E-1,3.611804479207926E20
2.375000000000000E2,4.000000000000000E2,6.330000000000000E-1,6.633370279140280E20
2.375000000000000E2,4.125000000000000E2,6.330000000000000E-1,5.634839695184263E19
2.375000000000000E2,4.249999999999999E2,6.330000000000000E-1,4.441569822541672E19
2.375000000000000E2,4.375000000000000E2,6.330000000000000E-1,3.414594208225756E19
2.375000000000000E2,4.500000000000000E2,6.330000000000000E-1,1.551689733893036E19
2.375000000000000E2,4.624999999999999E2,6.330000000000000E-1,1.354964091974609E19
2.375000000000000E2,4.749999999999999E2,6.330000000000000E-1,1.292778648909384E19
2.375000000000000E2,4.874999999999999E2,6.330000000000000E-1,1.271635813370193E19
2.375000000000000E2,5.000000000000000E2,6.330000000000000E-1,1.262751493492282E19
2.500000000000000E2,0.000000000000000E0,6.330000000000000E-1,5.035915674360055E18
2.500000000000000E2,1.250000000000000E1,6.330000000000000E-1,5.534823482523827E18
2.500000000000000E2,2.500000000000000E1,6.330000000000000E-1,5.972013267249319E18
2.500000000000000E2,3.750000000000000E1,6.330000000000000E-1,6.169085167861799E18
2.500000000000000E2,5.000000000000000E1,6.330000000000000E-1,6.245488923980274E18
2.500000000000000E2,6.250000000000000E1,6.330000000000000E-1,6.484904531585357E18
2.500000000000000E2,7.500000000000000E1,6.330000000000000E-1,6.772571783162788E18
2.500000000000000E2,8.750000000000000E1,6.330000000000000E-1,7.041860119424609E18
2.500000000000000E2,1.000000000000000E2,6.330000000000000E-1,7.200050418351155E18
2.500000000000000E2,1.125000000000000E2,6.330000000000000E-1,7.524477748933172E18
2.500000000000000E2,1.250000000000000E2,6.330000000000000E-1,7.660526869264036E18
2.500000000000000E2,1.375000000000000E2,6.330000000000000E-1,8.034603098301848E18
2.500000000000000E2,1.500000000000000E2,6.330000000000000E-1,8.076565181946431E18
2.500000000000000E2,1.625000000000000E2,6.330000000000000E-1,8.398461714054685E18
2.500000000000000E2,1.750000000000000E2,6.330000000000000E-1,8.754708079554892E18
2.500000000000000E2,1.875000000000000E2,6.330000000000000E-1,9.007731049125291E18
2.500000000000000E2,2.000000000000000E2,6.330000000000000E-1,9.531598686895493E18
2.500000000000000E2,2.125000000000000E2,6.330000000000000E-1,9.585821235031103E18
2.500000000000000E2,2.250000000000000E2,6.330000000000000E-1,9.787430948316043E18
2.500000000000000E2,2.375000000000000E2,6.330000000000000E-1,1.029684300825327E19
2.500000000000000E2,2.500000000000000E2,6.330000000000000E-1,1.058443603600666E19
2.500000000000000E2,2.625000000000000E2,6.330000000000000E-1,1.100975214202089E19
2.500000000000000E2,2.750000000000000E2,6.330000000000000E-1,1.134543592980287E19
2.500000000000000E2,2.874999999999999E2,6.330000000000000E-1,1.224999594206566E19
2.500000000000000E2,3.000000000000000E2,6.330000000000000E-1,1.305691579379247E19
2.500000000000000E2,3.125000000000000E2,6.330000000000000E-1,1.465780140080581E19
2.500000000000000E2,3.250000000000000E2,6.330000000000000E-1,1.622500272732075E19
2.500000000000000E2,3.374999999999999E2,6.330000000000000E-1,2.029148781637066E19
2.500000000000000E2,3.500000000000000E2,6.330000000000000E-1,3.045165988360622E19
2.500000000000000E2,3.625000000000000E2,6.330000000000000E-1,7.117544458228027E19
2.500000000000000E2,3.749999999999999E2,6.330000000000000E-1,7.193808010409649E20
2.500000000000000E2,3.875000000000000E2,6.330000000000000E-1,6.828226486252761E20
2.500000000000000E2,4.000000000000000E2,6.330000000000000E-1,7.276398389579312E19
2.500000000000000E2,4.125000000000000E2,6.330000000000000E-1,2.143175013736504E20
2.500000000000000E2,4.249999999999999E2,6.330000000000000E-1,3.313037143633152E19
2.500000000000000E2,4.375000000000000E2,6.330000000000000E-1,1.826267857842119E19
2.500000000000000E2,4.500000000000000E2,6.330000000000000E-1,1.578468562709078E19
2.500000000000000E2,4.624999999999999E2,6.330000000000000E-1,1.477097243139705E19
2.500000000000000E2,4.749999999999999E2,6.330000000000000E-1,1.448894531958983E19
2.500000000000000E2,4.874999999999999E2,6.330000000000000E-1,1.425302046547644E19
2.500000000000000E2,5.000000000000000E2,6.330000000000000E-1,1.432521811255371E19
2.625000000000000E2,0.000000000000000E0,6.330000000000000E-1,6.390150507668574E18
2.625000000000000E2,1.250000000000000E1,6.330000000000000E-1,6.656665826037342E18
2.625000000000000E2,2.500000000000000E1,6.330000000000000E-1,6.892122711308334E18
2.625000000000000E2,3.750000000000000E1,6.330000000000000E-1,7.189356347275835E18
2.625000000000000E2,5.000000000000000E1,6.330000000000000E-1,7.247893191801758E18
2.625000000000000E2,6.250000000000000E1,6.330000000000000E-1,7.574133754502124E18
2.625000000000000E2,7.500000000000000E1,6.330000000000000E-1,7.803482884310087E18
2.625000000000000E2,8.750000000000000E1,6.330000000000000E-1,8.018018071622100E18
2.625000000000000E2,1.000000000000000E2,6.330000000000000E-1,8.394190781133793E18
2.625000000000000E2,1.125000000000000E2,6.330000000000000E-1,8.553563781977592E18
2.625000000000000E2,1.250000000000000E2,6.330000000000000E-1,8.906899398129476E18
2.625000000000000E2,1.375000000000000E2,6.330000000000000E-1,9.108294612170672E18
2.625000000000000E2,1.500000000000000E2,6.330000000000000E-1,9.434609273224598E18
2.625000000000000E2,1.625000000000000E2,6.330000000000000E-1,9.587355825379551E18
2.625000000000000E2,1.750000000000000E2,6.330000000000000E-1,9.911419810622145E18
2.625000000000000E2,1.875000000000000E2,6.330000000000000E-1,1.051712951728351E19
2.625000000000000E2,2.000000000000000E2,6.330000000000000E-1,1.075572429064666E19
2.625000000000000E2,2.125000000000000E2,6.330000000000000E-1,1.092962137925627E19
2.625000000000000E2,2.250000000000000E2,6.330000000000000E-1,1.194054230397168E19
2.625000000000000E2,2.375000000000000E2,6.330000000000000E-1,1.196103085834889E19
2.625000000000000E2,2.500000000000000E2,6.330000000000000E-1,1.282071067878986E19
2.625000000000000E2,2.625000000000000E2,6.330000000000000E-1,1.334307996949418E19
2.625000000000000E2,2.750000000000000E2,6.330000000000000E-1,1.453468686888861E19
2.625000000000000E2,2.874999999999999E2,6.330000000000000E-1,1.583812332056518E19
2.625000000000000E2,3.000000000000000E2,6.330000000000000E-1,1.783956191738967E19
2.625000000000000E2,3.125000000000000E2,6.330000000000000E-1,2.092415940018992E19
2.625000000000000E2,3.250000000000000E2,6.330000000000000E-1,2.860675403617013E19
2.625000000000000E2,3.374999999999999E2,6.330000000000000E-1,4.302475384444871E19
2.625000000000000E2,3.500000000000000E2,6.330000000000000E-1,1.256255895507473E20
2.625000000000000E2,3.625000000000000E2,6.330000000000000E-1,1.249389534963238E21
2.625000000000000E2,3.749999999999999E2,6.330000000000000E-1,6.737020888167286E20
2.625000000000000E2,3.875000000000000E2,6.330000000000000E-1,9.342970921213053E19
2.625000000000000E2,4.000000000000000E2,6.330000000000000E-1,5.942666285879449E22
2.625000000000000E2,4.125000000000000E2,6.330000000000000E-1,3.679830075065405E19
2.625000000000000E2,4.249999999999999E2,6.330000000000000E-1,2.114250569165786E19
2.625000000000000E2,4.375000000000000E2,6.330000000000000E-1,1.773927590092152E19
2.625000000000000E2,4.500000000000000E2,6.330000000000000E-1,1.638848929188207E19
2.625000000000000E2,4.624999999999999E2,6.330000000000000E-1,1.580089805137156E19
2.625000000000000E2,4.749999999999999E2,6.330000000000000E-1,1.540004983493021E19
2.625000000000000E2,4.874999999999999E2,6.330000000000000E-1,1.564537152079682E19
2.625000000000000E2,5.000000000000000E2,6.330000000000000E-1,1.568061942951695E19
2.750000000000000E2,0.000000000000000E0,6.330000000000000E-1,6.476574066882419E18
2.750000000000000E2,1.250000000000000E1,6.330000000000000E-1,7.648935126097981E18
2.750000000000000E2,2.500000000000000E1,6.330000000000000E-1,7.887827898726288E18
2.750000000000000E2,3.750000000000000E1,6.330000000000000E-1,8.206727429578170E18
2.750000000000000E2,5.000000000000000E1,6.330000000000000E-1,8.495355886857835E18
2.750000000000000E2,6.250000000000000E1,6.330000000000000E-1,8.909998177388868E18
2.750000000000000E2,7.500000000000000E1,6.330000000000000E-1,8.986084218780383E18
2.750000000000000E2,8.750000000000000E1,6.330000000000000E-1,9.128186619154133E18
2.750000000000000E2,1.000000000000000E2,6.330000000000000E-1,9.504009078041682E18
2.750000000000000E2,1.125000000000000E2,6.330000000000000E-1,9.923412611673287E18
2.750000000000000E2,1.250000000000000E2,6.330000000000000E-1,1.011444401257976E19
2.750000000000000E2,1.375000000000000E2,6.330000000000000E-1,1.059576606692548E19
2.750000000000000E2,1.500000000000000E2,6.330000000000000E-1,1.090009753878601E19
2.750000000000000E2,1.625000000000000E2,6.330000000000000E-1,1.146141858386073E19
2.750000000000000E2,1.750000000000000E2,6.330000000000000E-1,1.199029367658242E19
2.750000000000000E2,1.875000000000000E2,6.330000000000000E-1,1.252866141307997E19
2.750000000000000E2,2.000000000000000E2,6.330000000000000E-1,1.309940856027081E19
2.750000000000000E2,2.125000000000000E2,6.330000000000000E-1,1.382584959525039E19
2.750000000000000E2,2.250000000000000E2,6.330000000000000E-1,1.389233850083355E19
2.750000000000000E2,2.375000000000000E2,6.330000000000000E-1,1.501545766181230E19
2.750000000000000E2,2.500000000000000E2,6.330000000000000E-1,1.635769617886886E19
2.750000000000000E2,2.625000000000000E2,6.330000000000000E-1,1.757950047723045E19
2.750000000000000E2,2.750000000000000E2,6.330000000000000E-1,2.000544838332000E19
2.750000000000000E2,2.874999999999999E2,6.330000000000000E-1,2.257225943640185E19
2.750000000000000E2,3.000000000000000E2,6.330000000000000E-1,2.894564242044065E19
2.750000000000000E2,3.125000000000000E2,6.330000000000000E-1,4.192640794444993E19
2.750000000000000E2,3.250000000000000E2,6.330000000000000E-1,6.975719632209779E19
2.750000000000000E2,3.374999999999999E2,6.330000000000000E-1,2.191802366745371E20
2.750000000000000E2,3.500000000000000E2,6.330000000000000E-1,1.673971227745932E21
2.750000000000000E2,3.625000000000000E2,6.330000000000000E-1,6.395578954808931E20
2.750000000000000E2,3.749999999999999E2,6.330000000000000E-1,1.200618070651125E20
2.750000000000000E2,3.875000000000000E2,6.330000000000000E-1,5.187269627392604E21
2.750000000000000E2,4.000000000000000E2,6.330000000000000E-1,4.245720617297106E19
2.750000000000000E2,4.125000000000000E2,6.330000000000000E-1,2.423469928067826E19
2.750000000000000E2,4.249999999999999E2,6.330000000000000E-1,1.961931967976293E19
2.750000000000000E2,4.375000000000000E2,6.330000000000000E-1,1.779398127003940E19
2.750000000000000E2,4.500000000000000E2,6.330000000000000E-1,1.717040600644635E19
2.750000000000000E2,4.624999999999999E2,6.330000000000000E-1,1.662191608998649E19
2.750000000000000E2,4.749999999999999E2,6.330000000000000E-1,1.680109292916741E19
2.750000000000000E2,4.874999999999999E2,6.330000000000000E-1,1.703139902189962E19
2.750000000000000E2,5.000000000000000E2,6.330000000000000E-1,1.754549689111138E19
2.874999999999999E2,0.000000000000000E0,6.330000000000000E-1,8.493334158884387E18
2.874999999999999E2,1.250000000000000E1,6.330000000000000E-1,8.921315488344525E18
2.874999999999999E2,2.500000000000000E1,6.330000000000000E-1,9.034379738267289E18
2.874999999999999E2,3.750000000000000E1,6.330000000000000E-1,9.538579284561355E18
2.874999999999999E2,5.000000000000000E1,6.330000000000000E-1,9.542376068540772E18
2.874999999999999E2,6.250000000000000E1,6.330000000000000E-1,1.020919276805236E19
2.874999999999999E2,7.500000000000000E1,6.330000000000000E-1,1.058401972922819E19
2.874999999999999E2,8.750000000000000E1,6.330000000000000E-1,1.073660747287646E19
2.874999999999999E2,1.000000000000000E2,6.330000000000000E-1,1.127388931549390E19
2.874999999999999E2,1.125000000000000E2,6.330000000000000E-1,1.153790356310273E19
2.874999999999999E2,1.250000000000000E2,6.330000000000000E-1,1.169937561959684E19
2.874999999999999E2,1.375000000000000E2,6.330000000000000E-1,1.229959429166616E19
2.874999999999999E2,1.500000000000000E2,6.330000000000000E-1,1.270337538877798E19
2.874999999999999E2,1.625000000000000E2,6.330000000000000E-1,1.300559736928236E19
2.874999999999999E2,1.750000000000000E2,6.330000000000000E-1,1.359771613260928E19
2.874999999999999E2,1.875000000000000E2,6.330000000000000E-1,1.451966417008157E19
2.874999999999999E2,2.000000000000000E2,6.330000000000000E-1,1.521407318822226E19
2.874999999999999E2,2.125000000000000E2,6.330000000000000E-1,1.740908319356189E19
2.874999999999999E2,2.250000000000000E2,6.330000000000000E-1,1.817013194762950E19
2.874999999999999E2,2.375000000000000E2,6.330000000000000E-1,2.039711941362126E19
2.874999999999999E2,2.500000000000000E2,6.330000000000000E-1,2.117200860085918E19
2.874999999999999E2,2.625000000000000E2,6.330000000000000E-1,2.413626652125685E19
2.874999999999999E2,2.750000000000000E2,6.330000000000000E-1,3.143048616352579E19
2.874999999999999E2,2.874999999999999E2,6.330000000000000E-1,4.017480398114082E19
2.874999999999999E2,3.000000000000000E2,6.330000000000000E-1,6.016008458876921E19
2.874999999999999E2,3.125000000000000E2,6.330000000000000E-1,1.067886822355827E20
2.874999999999999E2,3.250000000000000E2,6.330000000000000E-1,3.506942621502686E20
2.874999999999999E2,3.374999999999999E2,6.330000000000000E-1,1.836059359925802E21
2.874999999999999E2,3.500000000000000E2,6.330000000000000E-1,5.889910225923647E20
2.874999999999999E2,3.625000000000000E2,6.330000000000000E-1,1.599504286957735E20
2.874999999999999E2,3.749999999999999E2,6.330000000000000E-1,1.401110352707022E21
2.874999999999999E2,3.875000000000000E2,6.330000000000000E-1,4.993446408929070E19
2.874999999999999E2,4.000000000000000E2,6.330000000000000E-1,2.790359642088113E19
2.874999999999999E2,4.125000000000000E2,6.330000000000000E-1,2.188171245590460E19
2.874999999999999E2,4.249999999999999E2,6.330000000000000E-1,1.948349694030079E19
2.874999999999999E2,4.375000000000000E2,6.330000000000000E-1,1.823524547035917E19
2.874999999999999E2,4.500000000000000E2,6.330000000000000E-1,1.793275237115575E19
2.874999999999999E2,4.624999999999999E2,6.330000000000000E-1,1.787652711443645E19
2.874999999999999E2,4.749999999999999E2,6.330000000000000E-1,1.829386575203396E19
2.874999999999999E2,4.874999999999999E2,6.330000000000000E-1,1.924412559945476E19
2.874999999999999E2,5.000000000000000E2,6.330000000000000E-1,2.158934206363291E19
3.000000000000000E2,0.000000000000000E0,6.330000000000000E-1,8.189731478319751E18
3.000000000000000E2,1.250000000000000E1,6.330000000000000E-1,9.975683015774680E18
3.000000000000000E2,2.500000000000000E1,6.330000000000000E-1,1.023405967873810E19
3.000000000000000E2,3.750000000000000E1,6.330000000000000E-1,1.072150374895979E19
3.000000000000000E2,5.000000000000000E1,6.330000000000000E-1,1.073635055233738E19
3.000000000000000E2,6.250000000000000E1,6.330000000000000E-1,1.167269469600653E19
3.000000000000000E2,7.500000000000000E1,6.330000000000000E-1,1.190667224980059E19
3.000000000000000E2,8.750000000000000E1,6.330000000000000E-1,1.225270584581798E19
3.000000000000000E2,1.000000000000000E2,6.330000000000000E-1,1.276283004863203E19
3.000000000000000E2,1.125000000000000E2,6.330000000000000E-1,1.341242807507612E19
3.000000000000000E2,1.250000000000000E2,6.330000000000000E-1,1.366875610101894E19
3.000000000000000E2,1.375000000000000E2,6.330000000000000E-1,1.473672897108474E19
3.000000000000000E2,1.500000000000000E2,6.330000000000000E-1,1.489473298150178E19
3.000000000000000E2,1.625000000000000E2,6.330000000000000E-1,1.610936330656275E19
3.000000000000000E2,1.750000000000000E2,6.330000000000000E-1,1.693070765153659E19
3.000000000000000E2,1.875000000000000E2,6.330000000000000E-1,1.849410226567426E19
3.000000000000000E2,2.000000000000000E2,6.330000000000000E-1,1.985485483425682E19
3.000000000000000E2,2.125000000000000E2,6.330000000000000E-1,2.198795821873083E19
3.000000000000000E2,2.250000000000000E2,6.330000000000000E-1,2.432975942173637E19
3.000000000000000E2,2.375000000000000E2,6.330000000000000E-1,2.848600088198348E19
3.000000000000000E2,2.500000000000000E2,6.330000000000000E-1,3.347832251258232E19
3.000000000000000E2,2.625000000000000E2,6.330000000000000E-1,3.948141015633208E19
3.000000000000000E2,2.750000000000000E2,6.330000000000000E-1,5.373002988964478E19
3.000000000000000E2,2.874999999999999E2,6.330000000000000E-1,8.697209856789347E19
3.000000000000000E2,3.000000000000000E2,6.330000000000000E-1,1.775483801741702E20
3.000000000000000E2,3.125000000000000E2,6.330000000000000E-1,5.167135955671755E20
3.000000000000000E2,3.250000000000000E2,6.330000000000000E-1,1.666972870441015E21
3.000000000000000E2,3.374999999999999E2,6.330000000000000E-1,5.353686325543748E20
3.000000000000000E2,3.500000000000000E2,6.330000000000000E-1,2.407771292792021E20
3.000000000000000E2,3.625000000000000E2,6.330000000000000E-1,8.817256167479025E20
3.000000000000000E2,3.749999999999999E2,6.330000000000000E-1,5.909383286863161E19
3.000000000000000E2,3.875000000000000E2,6.330000000000000E-1,3.218529509738295E19
3.000000000000000E2,4.000000000000000E2,6.330000000000000E-1,2.443610261255910E19
3.000000000000000E2,4.125000000000000E2,6.330000000000000E-1,2.136419178592381E19
3.000000000000000E2,4.249999999999999E2,6.330000000000000E-1,1.981039106491498E19
3.000000000000000E2,4.375000000000000E2,6.330000000000000E-1,1.921552007892392E19
3.000000000000000E2,4.500000000000000E2,6.330000000000000E-1,1.959364867119116E19
3.000000000000000E2,4.624999999999999E2,6.330000000000000E-1,2.049675231298497E19
3.000000000000000E2,4.749999999999999E2,6.330000000000000E-1,2.328000888930957E19
3.000000000000000E2,4.874999999999999E2,6.330000000000000E-1,2.490180903727407E19
3.000000000000000E2,5.000000000000000E2,6.330000000000000E-1,3.058403224647424E19
3.125000000000000E2,0.000000000000000E0,6.330000000000000E-1,1.130868662307662E19
3.125000000000000E2,1.250000000000000E1,6.330000000000000E-1,1.145798145730184E19
3.125000000000000E2,2.500000000000000E1,6.330000000000000E-1,1.137143384552095E19
3.125000000000000E2,3.750000000000000E1,6.330000000000000E-1,1.224165711829432E19
3.125000000000000E2,5.000000000000000E1,6.330000000000000E-1,1.247553804332476E19
3.125000000000000E2,6.250000000000000E1,6.330000000000000E-1,1.295493887379700E19
3.125000000000000E2,7.500000000000000E1,6.330000000000000E-1,1.434699302669656E19
3.125000000000000E2,8.750000000000000E1,6.330000000000000E-1,1.360600309682065E19
3.125000000000000E2,1.000000000000000E2,6.330000000000000E-1,1.505791840909395E19
3.125000000000000E2,1.125000000000000E2,6.330000000000000E-1,1.565880403198162E19
3.125000000000000E2,1.250000000000000E2,6.330000000000000E-1,1.676564072967029E19
3.125000000000000E2,1.375000000000000E2,6.330000000000000E-1,1.793465572507297E19
3.125000000000000E2,1.500000000000000E2,6.330000000000000E-1,1.822134634561360E19
3.125000000000000E2,1.625000000000000E2,6.330000000000000E-1,2.074648840000730E19
3.125000000000000E2,1.750000000000000E2,6.330000000000000E-1,2.084586471181289E19
3.125000000000000E2,1.875000000000000E2,6.330000000000000E-1,2.291964375997814E19
3.125000000000000E2,2.000000000000000E2,6.330000000000000E-1,2.496949423574826E19
3.125000000000000E2,2.125000000000000E2,6.330000000000000E-1,3.080741724597290E19
3.125000000000000E2,2.250000000000000E2,6.330000000000000E-1,3.395881358193229E19
3.125000000000000E2,2.375000000000000E2,6.330000000000000E-1,4.185328007642222E19
3.125000000000000E2,2.500000000000000E2,6.330000000000000E-1,5.239778233244639E19
3.125000000000000E2,2.625000000000000E2,6.330000000000000E-1,7.921354594125932E19
3.125000000000000E2,2.750000000000000E2,6.330000000000000E-1,1.243886018422394E20
3.125000000000000E2,2.874999999999999E2,6.330000000000000E-1,2.449304226262403E20
3.125000000000000E2,3.000000000000000E2,6.330000000000000E-1,6.785354114734462E20
3.125000000000000E2,3.125000000000000E2,6.330000000000000E-1,1.361426984511222E21
3.125000000000000E2,3.250000000000000E2,6.330000000000000E-1,4.881402422500006E20
3.125000000000000E2,3.374999999999999E2,6.330000000000000E-1,4.573364098526647E20
3.125000000000000E2,3.500000000000000E2,6.330000000000000E-1,7.261142503721300E20
3.125000000000000E2,3.625000000000000E2,6.330000000000000E-1,6.961715551661216E19
3.125000000000000E2,3.749999999999999E2,6.330000000000000E-1,3.708427632380872E19
3.125000000000000E2,3.875000000000000E2,6.330000000000000E-1,2.738048983028474E19
3.125000000000000E2,4.000000000000000E2,6.330000000000000E-1,2.328752894708854E19
3.125000000000000E2,4.125000000000000E2,6.330000000000000E-1,2.166875662813813E19
3.125000000000000E2,4.249999999999999E2,6.330000000000000E-1,2.133334764784662E19
3.125000000000000E2,4.375000000000000E2,6.330000000000000E-1,2.182489434882109E19
3.125000000000000E2,4.500000000000000E2,6.330000000000000E-1,2.338083013143713E19
3.125000000000000E2,4.624999999999999E2,6.330000000000000E-1,2.621704133391819E19
3.125000000000000E2,4.749999999999999E2,6.330000000000000E-1,3.277376204371794E19
3.125000000000000E2,4.874999999999999E2,6.330000000000000E-1,4.585151192015417E19
3.125000000000000E2,5.000000000000000E2,6.330000000000000E-1,8.658937792054614E19
3.250000000000000E2,0.000000000000000E0,6.330000000000000E-1,1.187626637332487E19
3.250000000000000E2,1.250000000000000E1,6.330000000000000E-1,1.230431951898482E19
3.250000000000000E2,2.500000000000000E1,6.330000000000000E-1,1.310682885712953E19
3.250000000000000E2,3.750000000000000E1,6.330000000000000E-1,1.321406373397863E19
3.250000000000000E2,5.000000000000000E1,6.330000000000000E-1,1.345634732027413E19
3.250000000000000E2,6.250000000000000E1,6.330000000000000E-1,1.451448490625788E19
3.250000000000000E2,7.500000000000000E1,6.330000000000000E-1,1.573518168880986E19
3.250000000000000E2,8.750000000000000E1,6.330000000000000E-1,1.600545693206797E19
3.250000000000000E2,1.000000000000000E2,6.330000000000000E-1,1.764632465791784E19
3.250000000000000E2,1.125000000000000E2,6.330000000000000E-1,1.760401813589899E19
3.250000000000000E2,1.250000000000000E2,6.330000000000000E-1,1.846628959600145E19
3.250000000000000E2,1.375000000000000E2,6.330000000000000E-1,1.968088203933886E19
3.250000000000000E2,1.500000000000000E2,6.330000000000000E-1,2.273663564329151E19
3.250000000000000E2,1.625000000000000E2,6.330000000000000E-1,2.484572906698669E19
3.250000000000000E2,1.750000000000000E2,6.330000000000000E-1,2.676717639446100E19
3.250000000000000E2,1.875000000000000E2,6.330000000000000E-1,3.045559806897458E19
3.250000000000000E2,2.000000000000000E2,6.330000000000000E-1,3.840022101543439E19
3.250000000000000E2,2.125000000000000E2,6.330000000000000E-1,4.287438631403427E19
3.250000000000000E2,2.250000000000000E2,6.330000000000000E-1,5.253103482534535E19
3.250000000000000E2,2.375000000000000E2,6.330000000000000E-1,6.858325664638903E19
3.250000000000000E2,2.500000000000000E2,6.330000000000000E-1,1.018647571791427E20
3.250000000000000E2,2.625000000000000E2,6.330000000000000E-1,1.550603332786255E20
3.250000000000000E2,2.750000000000000E2,6.330000000000000E-1,3.253511378605891E20
3.250000000000000E2,2.874999999999999E2,6.330000000000000E-1,7.188284092732371E20
3.250000000000000E2,3.000000000000000E2,6.330000000000000E-1,1.038863220749922E21
3.250000000000000E2,3.125000000000000E2,6.330000000000000E-1,4.554875616660246E20
3.250000000000000E2,3.250000000000000E2,6.330000000000000E-1,1.102439382321937E21
3.250000000000000E2,3.374999999999999E2,6.330000000000000E-1,6.571486003584863E20
3.250000000000000E2,3.500000000000000E2,6.330000000000000E-1,8.081594223374685E19
3.250000000000000E2,3.625000000000000E2,6.330000000000000E-1,4.265304785918287E19
3.250000000000000E2,3.749999999999999E2,6.330000000000000E-1,3.066800985480839E19
3.250000000000000E2,3.875000000000000E2,6.330000000000000E-1,2.532858517739847E19
3.250000000000000E2,4.000000000000000E2,6.330000000000000E-1,2.328244764842998E19
3.250000000000000E2,4.125000000000000E2,6.330000000000000E-1,2.316742539304732E19
3.250000000000000E2,4.249999999999999E2,6.330000000000000E-1,2.401330712578995E19
3.250000000000000E2,4.375000000000000E2,6.330000000000000E-1,2.790526649824322E19
3.250000000000000E2,4.500000000000000E2,6.330000000000000E-1,3.376995477431256E19
3.250000000000000E2,4.624999999999999E2,6.330000000000000E-1,4.909203918401925E19
3.250000000000000E2,4.749999999999999E2,6.330000000000000E-1,9.247663080271587E19
3.250000000000000E2,4.874999999999999E2,6.330000000000000E-1,2.658276780236212E20
3.250000000000000E2,5.000000000000000E2,6.330000000000000E-1,1.911422287386288E21
