% Model,attempt8 - ate 450nm.mph
% Version,COMSOL 6.1.0.282
% Date,"Sep 18 2025, 10:25"
% Table,E^4_ate_450nm(sem o plano) - Surface Integration 1
% pyramid_l (nm),D (nm),lambda0 (µm),ewfd.normE^4 (kg^4*m^6/(s^12*A^4))
3.374999999999999E2,0.000000000000000E0,6.330000000000000E-1,6.781918179402093E19
3.374999999999999E2,2.500000000000000E1,6.330000000000000E-1,3.543424056400484E19
3.374999999999999E2,3.750000000000000E1,6.330000000000000E-1,3.367887320640996E19
3.374999999999999E2,5.000000000000000E1,6.330000000000000E-1,3.286987488689984E19
3.374999999999999E2,6.250000000000000E1,6.330000000000000E-1,3.396699165291737E19
3.374999999999999E2,7.500000000000000E1,6.330000000000000E-1,3.391284137920602E19
3.374999999999999E2,8.750000000000000E1,6.330000000000000E-1,3.614494225917268E19
3.374999999999999E2,1.000000000000000E2,6.330000000000000E-1,3.750822351617507E19
3.374999999999999E2,1.125000000000000E2,6.330000000000000E-1,4.097119227502232E19
3.374999999999999E2,1.250000000000000E2,6.330000000000000E-1,4.227731360631110E19
3.374999999999999E2,1.375000000000000E2,6.330000000000000E-1,4.772212911703600E19
3.374999999999999E2,1.500000000000000E2,6.330000000000000E-1,5.106015677807466E19
3.374999999999999E2,1.625000000000000E2,6.330000000000000E-1,5.562317906955933E19
3.374999999999999E2,1.750000000000000E2,6.330000000000000E-1,6.694831419720181E19
3.374999999999999E2,1.875000000000000E2,6.330000000000000E-1,7.562934534593920E19
3.374999999999999E2,2.000000000000000E2,6.330000000000000E-1,8.959397546822312E19
3.374999999999999E2,2.125000000000000E2,6.330000000000000E-1,1.168678778628348E20
3.374999999999999E2,2.250000000000000E2,6.330000000000000E-1,1.517797202366813E20
3.374999999999999E2,2.375000000000000E2,6.330000000000000E-1,2.134258324322269E20
3.374999999999999E2,2.500000000000000E2,6.330000000000000E-1,3.217137790511035E20
3.374999999999999E2,2.625000000000000E2,6.330000000000000E-1,5.270452155926310E20
3.374999999999999E2,2.750000000000000E2,6.330000000000000E-1,7.472136572335573E20
3.374999999999999E2,2.874999999999999E2,6.330000000000000E-1,4.568247002053576E20
3.374999999999999E2,3.000000000000000E2,6.330000000000000E-1,4.132439635118676E19
3.374999999999999E2,3.125000000000000E2,6.330000000000000E-1,2.022188752251401E18
3.374999999999999E2,3.250000000000000E2,6.330000000000000E-1,8.527485577787169E18
3.374999999999999E2,3.374999999999999E2,6.330000000000000E-1,1.282015067955056E18
3.374999999999999E2,3.500000000000000E2,6.330000000000000E-1,2.073272457055027E18
3.374999999999999E2,3.625000000000000E2,6.330000000000000E-1,4.023522511551972E18
3.374999999999999E2,3.749999999999999E2,6.330000000000000E-1,7.157312373069724E18
3.374999999999999E2,3.875000000000000E2,6.330000000000000E-1,1.144374947859777E19
3.374999999999999E2,4.000000000000000E2,6.330000000000000E-1,1.747928972435429E19
3.374999999999999E2,4.125000000000000E2,6.330000000000000E-1,2.731576169176706E19
3.374999999999999E2,4.249999999999999E2,6.330000000000000E-1,4.364407592894526E19
3.374999999999999E2,4.375000000000000E2,6.330000000000000E-1,7.553021786472882E19
3.374999999999999E2,4.500000000000000E2,6.330000000000000E-1,1.587319578150615E20
3.374999999999999E2,4.624999999999999E2,6.330000000000000E-1,4.779527858416516E20
3.374999999999999E2,4.749999999999999E2,6.330000000000000E-1,2.762055307904082E21
3.374999999999999E2,4.874999999999999E2,6.330000000000000E-1,5.572897346443438E20
3.374999999999999E2,5.000000000000000E2,6.330000000000000E-1,2.965768749865490E19
3.500000000000000E2,0.000000000000000E0,6.330000000000000E-1,7.997643255228662E19
3.500000000000000E2,1.250000000000000E1,6.330000000000000E-1,4.308180891434665E19
3.500000000000000E2,2.500000000000000E1,6.330000000000000E-1,3.885836925828422E19
3.500000000000000E2,3.750000000000000E1,6.330000000000000E-1,3.736713607314685E19
3.500000000000000E2,5.000000000000000E1,6.330000000000000E-1,3.611142238803128E19
3.500000000000000E2,6.250000000000000E1,6.330000000000000E-1,3.879856730000341E19
3.500000000000000E2,7.500000000000000E1,6.330000000000000E-1,3.905539262777940E19
3.500000000000000E2,8.750000000000000E1,6.330000000000000E-1,4.297707684927432E19
3.500000000000000E2,1.000000000000000E2,6.330000000000000E-1,4.461835741035317E19
3.500000000000000E2,1.125000000000000E2,6.330000000000000E-1,4.810319117657588E19
3.500000000000000E2,1.250000000000000E2,6.330000000000000E-1,5.244478652178326E19
3.500000000000000E2,1.375000000000000E2,6.330000000000000E-1,5.771060011093364E19
3.500000000000000E2,1.500000000000000E2,6.330000000000000E-1,6.512502436639602E19
3.500000000000000E2,1.625000000000000E2,6.330000000000000E-1,7.423108679231480E19
3.500000000000000E2,1.750000000000000E2,6.330000000000000E-1,9.075240921203642E19
3.500000000000000E2,1.875000000000000E2,6.330000000000000E-1,1.063322016164749E20
3.500000000000000E2,2.000000000000000E2,6.330000000000000E-1,1.344492822207875E20
3.500000000000000E2,2.125000000000000E2,6.330000000000000E-1,1.662919148591821E20
3.500000000000000E2,2.250000000000000E2,6.330000000000000E-1,2.307160951723179E20
3.500000000000000E2,2.375000000000000E2,6.330000000000000E-1,3.382310915872442E20
3.500000000000000E2,2.500000000000000E2,6.330000000000000E-1,5.088178038926838E20
3.500000000000000E2,2.625000000000000E2,6.330000000000000E-1,6.090933533304417E20
3.500000000000000E2,2.750000000000000E2,6.330000000000000E-1,3.086261821351464E20
3.500000000000000E2,2.874999999999999E2,6.330000000000000E-1,3.551063232585301E19
3.500000000000000E2,3.000000000000000E2,6.330000000000000E-1,8.538246117230999E18
3.500000000000000E2,3.125000000000000E2,6.330000000000000E-1,1.040170907127576E19
3.500000000000000E2,3.250000000000000E2,6.330000000000000E-1,1.111031323615904E18
3.500000000000000E2,3.374999999999999E2,6.330000000000000E-1,1.681677916429419E18
3.500000000000000E2,3.500000000000000E2,6.330000000000000E-1,3.702885293190494E18
3.500000000000000E2,3.625000000000000E2,6.330000000000000E-1,7.060568420692580E18
3.500000000000000E2,3.749999999999999E2,6.330000000000000E-1,1.230533556114350E19
3.500000000000000E2,3.875000000000000E2,6.330000000000000E-1,2.139714661704831E19
3.500000000000000E2,4.000000000000000E2,6.330000000000000E-1,3.627112885475895E19
3.500000000000000E2,4.125000000000000E2,6.330000000000000E-1,7.149333605803955E19
3.500000000000000E2,4.249999999999999E2,6.330000000000000E-1,1.695634912045289E20
3.500000000000000E2,4.375000000000000E2,6.330000000000000E-1,6.535448675049660E20
3.500000000000000E2,4.500000000000000E2,6.330000000000000E-1,4.987619321552924E21
3.500000000000000E2,4.624999999999999E2,6.330000000000000E-1,2.431782599833680E20
3.500000000000000E2,4.749999999999999E2,6.330000000000000E-1,2.840885653063984E17
3.500000000000000E2,4.874999999999999E2,6.330000000000000E-1,2.547887533524563E17
3.500000000000000E2,5.000000000000000E2,6.330000000000000E-1,1.414768808265819E18
3.625000000000000E2,0.000000000000000E0,6.330000000000000E-1,7.964143010597301E19
3.625000000000000E2,1.250000000000000E1,6.330000000000000E-1,4.655814708325622E19
3.625000000000000E2,2.500000000000000E1,6.330000000000000E-1,4.157806864409050E19
3.625000000000000E2,3.750000000000000E1,6.330000000000000E-1,4.015281447976324E19
3.625000000000000E2,5.000000000000000E1,6.330000000000000E-1,4.062823449296378E19
3.625000000000000E2,6.250000000000000E1,6.330000000000000E-1,4.300380868262039E19
3.625000000000000E2,7.500000000000000E1,6.330000000000000E-1,4.328550757696502E19
3.625000000000000E2,8.750000000000000E1,6.330000000000000E-1,4.543034231939486E19
3.625000000000000E2,1.000000000000000E2,6.330000000000000E-1,4.799293667967398E19
3.625000000000000E2,1.125000000000000E2,6.330000000000000E-1,5.437256661727215E19
3.625000000000000E2,1.250000000000000E2,6.330000000000000E-1,5.897333747254239E19
3.625000000000000E2,1.375000000000000E2,6.330000000000000E-1,6.657138972926266E19
3.625000000000000E2,1.500000000000000E2,6.330000000000000E-1,7.644275002912537E19
3.625000000000000E2,1.625000000000000E2,6.330000000000000E-1,8.923877240955848E19
3.625000000000000E2,1.750000000000000E2,6.330000000000000E-1,1.043214277660458E20
3.625000000000000E2,1.875000000000000E2,6.330000000000000E-1,1.350490594432032E20
3.625000000000000E2,2.000000000000000E2,6.330000000000000E-1,1.715725384286603E20
3.625000000000000E2,2.125000000000000E2,6.330000000000000E-1,2.336486581844384E20
3.625000000000000E2,2.250000000000000E2,6.330000000000000E-1,3.130515052715124E20
3.625000000000000E2,2.375000000000000E2,6.330000000000000E-1,4.139990271766201E20
3.625000000000000E2,2.500000000000000E2,6.330000000000000E-1,4.343717292614116E20
3.625000000000000E2,2.625000000000000E2,6.330000000000000E-1,2.423750799354564E20
3.625000000000000E2,2.750000000000000E2,6.330000000000000E-1,2.824371850561069E19
3.625000000000000E2,2.874999999999999E2,6.330000000000000E-1,3.368065423574618E19
3.625000000000000E2,3.000000000000000E2,6.330000000000000E-1,1.197693985250176E19
3.625000000000000E2,3.125000000000000E2,6.330000000000000E-1,1.039753250370983E18
3.625000000000000E2,3.250000000000000E2,6.330000000000000E-1,1.384036440139099E18
3.625000000000000E2,3.374999999999999E2,6.330000000000000E-1,3.297317677908212E18
3.625000000000000E2,3.500000000000000E2,6.330000000000000E-1,7.144624554037072E18
3.625000000000000E2,3.625000000000000E2,6.330000000000000E-1,1.466816912932204E19
3.625000000000000E2,3.749999999999999E2,6.330000000000000E-1,2.897539580310619E19
3.625000000000000E2,3.875000000000000E2,6.330000000000000E-1,6.082812297343506E19
3.625000000000000E2,4.000000000000000E2,6.330000000000000E-1,1.680299013666386E20
3.625000000000000E2,4.125000000000000E2,6.330000000000000E-1,8.831033548465899E20
3.625000000000000E2,4.249999999999999E2,6.330000000000000E-1,2.975224211677853E21
3.625000000000000E2,4.375000000000000E2,6.330000000000000E-1,3.106736539645898E19
3.625000000000000E2,4.500000000000000E2,6.330000000000000E-1,2.231766396670056E17
3.625000000000000E2,4.624999999999999E2,6.330000000000000E-1,1.349579944905785E18
3.625000000000000E2,4.749999999999999E2,6.330000000000000E-1,4.466535308433039E18
3.625000000000000E2,4.874999999999999E2,6.330000000000000E-1,1.059395250360600E19
3.625000000000000E2,5.000000000000000E2,6.330000000000000E-1,2.285038428727544E19
3.749999999999999E2,0.000000000000000E0,6.330000000000000E-1,8.686794582006007E19
3.749999999999999E2,2.500000000000000E1,6.330000000000000E-1,4.296133671484722E19
3.749999999999999E2,3.750000000000000E1,6.330000000000000E-1,4.186275029433423E19
3.749999999999999E2,5.000000000000000E1,6.330000000000000E-1,4.236066895422020E19
3.749999999999999E2,6.250000000000000E1,6.330000000000000E-1,4.447368215236688E19
3.749999999999999E2,7.500000000000000E1,6.330000000000000E-1,4.648572483354028E19
3.749999999999999E2,8.750000000000000E1,6.330000000000000E-1,4.849961694658197E19
3.749999999999999E2,1.000000000000000E2,6.330000000000000E-1,5.192716332297053E19
3.749999999999999E2,1.125000000000000E2,6.330000000000000E-1,5.921381770433660E19
3.749999999999999E2,1.250000000000000E2,6.330000000000000E-1,6.568662782795196E19
3.749999999999999E2,1.375000000000000E2,6.330000000000000E-1,7.463789716195338E19
3.749999999999999E2,1.500000000000000E2,6.330000000000000E-1,9.026927884580602E19
3.749999999999999E2,1.625000000000000E2,6.330000000000000E-1,1.068839554638694E20
3.749999999999999E2,1.750000000000000E2,6.330000000000000E-1,1.252965572161312E20
3.749999999999999E2,1.875000000000000E2,6.330000000000000E-1,1.669931272289714E20
3.749999999999999E2,2.000000000000000E2,6.330000000000000E-1,2.080949939971498E20
3.749999999999999E2,2.125000000000000E2,6.330000000000000E-1,2.759606571951152E20
3.749999999999999E2,2.250000000000000E2,6.330000000000000E-1,3.638775749501663E20
3.749999999999999E2,2.375000000000000E2,6.330000000000000E-1,3.435109261906805E20
3.749999999999999E2,2.500000000000000E2,6.330000000000000E-1,1.798436043346772E20
3.749999999999999E2,2.625000000000000E2,6.330000000000000E-1,2.382479132962077E19
3.749999999999999E2,2.750000000000000E2,6.330000000000000E-1,9.430231496239392E19
3.749999999999999E2,2.874999999999999E2,6.330000000000000E-1,1.291281811903999E19
3.749999999999999E2,3.000000000000000E2,6.330000000000000E-1,1.026937425071819E18
3.749999999999999E2,3.125000000000000E2,6.330000000000000E-1,1.185118463751773E18
3.749999999999999E2,3.250000000000000E2,6.330000000000000E-1,3.171109669492123E18
3.749999999999999E2,3.374999999999999E2,6.330000000000000E-1,7.665856121407662E18
3.749999999999999E2,3.500000000000000E2,6.330000000000000E-1,1.764343468976545E19
3.749999999999999E2,3.625000000000000E2,6.330000000000000E-1,4.234365510819725E19
3.749999999999999E2,3.749999999999999E2,6.330000000000000E-1,1.382121485373507E20
3.749999999999999E2,3.875000000000000E2,6.330000000000000E-1,1.085031472027949E21
3.749999999999999E2,4.000000000000000E2,6.330000000000000E-1,7.154183707068047E20
3.749999999999999E2,4.125000000000000E2,6.330000000000000E-1,1.172163326045457E19
3.749999999999999E2,4.249999999999999E2,6.330000000000000E-1,2.050554411240107E18
3.749999999999999E2,4.375000000000000E2,6.330000000000000E-1,3.709354470022066E18
3.749999999999999E2,4.500000000000000E2,6.330000000000000E-1,8.208469385229902E18
3.749999999999999E2,4.624999999999999E2,6.330000000000000E-1,1.707641480253410E19
3.749999999999999E2,4.749999999999999E2,6.330000000000000E-1,3.228562541878818E19
3.749999999999999E2,4.874999999999999E2,6.330000000000000E-1,6.493993504340433E19
3.749999999999999E2,5.000000000000000E2,6.330000000000000E-1,1.681909327657884E20
3.875000000000000E2,0.000000000000000E0,6.330000000000000E-1,8.779086052399935E19
3.875000000000000E2,1.250000000000000E1,6.330000000000000E-1,5.035831656512366E19
3.875000000000000E2,2.500000000000000E1,6.330000000000000E-1,4.357616259406012E19
3.875000000000000E2,3.750000000000000E1,6.330000000000000E-1,4.198864588546245E19
3.875000000000000E2,5.000000000000000E1,6.330000000000000E-1,4.575724825866531E19
3.875000000000000E2,6.250000000000000E1,6.330000000000000E-1,4.693653423657814E19
3.875000000000000E2,7.500000000000000E1,6.330000000000000E-1,4.722735838734234E19
3.875000000000000E2,8.750000000000000E1,6.330000000000000E-1,5.388220341299597E19
3.875000000000000E2,1.000000000000000E2,6.330000000000000E-1,5.662231018379770E19
3.875000000000000E2,1.125000000000000E2,6.330000000000000E-1,6.311376228224534E19
3.875000000000000E2,1.250000000000000E2,6.330000000000000E-1,6.771164036159500E19
3.875000000000000E2,1.375000000000000E2,6.330000000000000E-1,8.236934862675553E19
3.875000000000000E2,1.500000000000000E2,6.330000000000000E-1,9.543840086595433E19
3.875000000000000E2,1.625000000000000E2,6.330000000000000E-1,1.170453735268499E20
3.875000000000000E2,1.750000000000000E2,6.330000000000000E-1,1.438756709604768E20
3.875000000000000E2,1.875000000000000E2,6.330000000000000E-1,1.867743723843521E20
3.875000000000000E2,2.000000000000000E2,6.330000000000000E-1,2.349659793268906E20
3.875000000000000E2,2.125000000000000E2,6.330000000000000E-1,2.778772996904687E20
3.875000000000000E2,2.250000000000000E2,6.330000000000000E-1,2.596157745707271E20
3.875000000000000E2,2.375000000000000E2,6.330000000000000E-1,1.463339882789871E20
3.875000000000000E2,2.500000000000000E2,6.330000000000000E-1,2.050897644076511E19
3.875000000000000E2,2.625000000000000E2,6.330000000000000E-1,1.713400572033199E20
3.875000000000000E2,2.750000000000000E2,6.330000000000000E-1,1.370783887376022E19
3.875000000000000E2,2.874999999999999E2,6.330000000000000E-1,1.049814073184832E18
3.875000000000000E2,3.000000000000000E2,6.330000000000000E-1,1.086120799298461E18
3.875000000000000E2,3.125000000000000E2,6.330000000000000E-1,3.341399902613563E18
3.875000000000000E2,3.250000000000000E2,6.330000000000000E-1,9.241902564029448E18
3.875000000000000E2,3.374999999999999E2,6.330000000000000E-1,2.641006270716998E19
3.875000000000000E2,3.500000000000000E2,6.330000000000000E-1,9.762300883105263E19
3.875000000000000E2,3.625000000000000E2,6.330000000000000E-1,8.955056173836036E20
3.875000000000000E2,3.749999999999999E2,6.330000000000000E-1,3.752143873560889E20
3.875000000000000E2,3.875000000000000E2,6.330000000000000E-1,9.240856695689208E18
3.875000000000000E2,4.000000000000000E2,6.330000000000000E-1,4.384847459773543E19
3.875000000000000E2,4.125000000000000E2,6.330000000000000E-1,8.012142012036205E18
3.875000000000000E2,4.249999999999999E2,6.330000000000000E-1,1.194935842849503E19
3.875000000000000E2,4.375000000000000E2,6.330000000000000E-1,2.070504753199556E19
3.875000000000000E2,4.500000000000000E2,6.330000000000000E-1,3.768136350473058E19
3.875000000000000E2,4.624999999999999E2,6.330000000000000E-1,7.015176990674626E19
3.875000000000000E2,4.749999999999999E2,6.330000000000000E-1,1.511806715172142E20
3.875000000000000E2,4.874999999999999E2,6.330000000000000E-1,3.801009166652344E20
3.875000000000000E2,5.000000000000000E2,6.330000000000000E-1,1.314747958442888E21
4.000000000000000E2,0.000000000000000E0,6.330000000000000E-1,8.414281989830168E19
4.000000000000000E2,1.250000000000000E1,6.330000000000000E-1,5.226357112639085E19
4.000000000000000E2,2.500000000000000E1,6.330000000000000E-1,4.347864412533737E19
4.000000000000000E2,3.750000000000000E1,6.330000000000000E-1,4.344309757040314E19
4.000000000000000E2,5.000000000000000E1,6.330000000000000E-1,4.364867037022482E19
4.000000000000000E2,6.250000000000000E1,6.330000000000000E-1,4.632541218404012E19
4.000000000000000E2,7.500000000000000E1,6.330000000000000E-1,4.917665262847340E19
4.000000000000000E2,8.750000000000000E1,6.330000000000000E-1,5.291800666303601E19
4.000000000000000E2,1.000000000000000E2,6.330000000000000E-1,5.808676181818845E19
4.000000000000000E2,1.125000000000000E2,6.330000000000000E-1,6.928493659877864E19
4.000000000000000E2,1.250000000000000E2,6.330000000000000E-1,7.280094861721467E19
4.000000000000000E2,1.375000000000000E2,6.330000000000000E-1,8.665387826405995E19
4.000000000000000E2,1.500000000000000E2,6.330000000000000E-1,1.081572845735982E20
4.000000000000000E2,1.625000000000000E2,6.330000000000000E-1,1.220184759610527E20
4.000000000000000E2,1.750000000000000E2,6.330000000000000E-1,1.616108436913263E20
4.000000000000000E2,1.875000000000000E2,6.330000000000000E-1,1.919924007319400E20
4.000000000000000E2,2.000000000000000E2,6.330000000000000E-1,2.191076044176343E20
4.000000000000000E2,2.125000000000000E2,6.330000000000000E-1,2.017947772472839E20
4.000000000000000E2,2.250000000000000E2,6.330000000000000E-1,1.166748795333935E20
4.000000000000000E2,2.375000000000000E2,6.330000000000000E-1,1.855132359612279E19
4.000000000000000E2,2.500000000000000E2,6.330000000000000E-1,2.171826534410655E20
4.000000000000000E2,2.625000000000000E2,6.330000000000000E-1,1.421006986204646E19
4.000000000000000E2,2.750000000000000E2,6.330000000000000E-1,1.095838714534884E18
4.000000000000000E2,2.874999999999999E2,6.330000000000000E-1,1.108752574717363E18
4.000000000000000E2,3.000000000000000E2,6.330000000000000E-1,3.935119013543588E18
4.000000000000000E2,3.125000000000000E2,6.330000000000000E-1,1.344514362122863E19
4.000000000000000E2,3.250000000000000E2,6.330000000000000E-1,5.304586996882755E19
4.000000000000000E2,3.374999999999999E2,6.330000000000000E-1,4.804540433731688E20
4.000000000000000E2,3.500000000000000E2,6.330000000000000E-1,4.320451424446429E20
4.000000000000000E2,3.625000000000000E2,6.330000000000000E-1,9.648209178340000E18
4.000000000000000E2,3.749999999999999E2,6.330000000000000E-1,3.785123154639741E19
4.000000000000000E2,3.875000000000000E2,6.330000000000000E-1,3.468848858628569E19
4.000000000000000E2,4.000000000000000E2,6.330000000000000E-1,1.594971724638008E19
4.000000000000000E2,4.125000000000000E2,6.330000000000000E-1,2.291815362327616E19
4.000000000000000E2,4.249999999999999E2,6.330000000000000E-1,3.897868923024758E19
4.000000000000000E2,4.375000000000000E2,6.330000000000000E-1,6.779788153128562E19
4.000000000000000E2,4.500000000000000E2,6.330000000000000E-1,1.289753959933783E20
4.000000000000000E2,4.624999999999999E2,6.330000000000000E-1,2.909977495729058E20
4.000000000000000E2,4.749999999999999E2,6.330000000000000E-1,8.249649370944856E20
4.000000000000000E2,4.874999999999999E2,6.330000000000000E-1,1.668972031190946E21
4.000000000000000E2,5.000000000000000E2,6.330000000000000E-1,2.395440710959121E20
4.125000000000000E2,0.000000000000000E0,6.330000000000000E-1,8.625853307418095E19
4.125000000000000E2,1.250000000000000E1,6.330000000000000E-1,4.966527995763748E19
4.125000000000000E2,2.500000000000000E1,6.330000000000000E-1,4.282304336305496E19
4.125000000000000E2,3.750000000000000E1,6.330000000000000E-1,4.288497707230217E19
4.125000000000000E2,5.000000000000000E1,6.330000000000000E-1,4.532804753269182E19
4.125000000000000E2,6.250000000000000E1,6.330000000000000E-1,4.611532201065509E19
4.125000000000000E2,7.500000000000000E1,6.330000000000000E-1,4.731775081320779E19
4.125000000000000E2,8.750000000000000E1,6.330000000000000E-1,5.385984175839616E19
4.125000000000000E2,1.000000000000000E2,6.330000000000000E-1,5.813937187458671E19
4.125000000000000E2,1.125000000000000E2,6.330000000000000E-1,6.641432712584176E19
4.125000000000000E2,1.250000000000000E2,6.330000000000000E-1,7.521358769955078E19
4.125000000000000E2,1.375000000000000E2,6.330000000000000E-1,8.665686415738212E19
4.125000000000000E2,1.500000000000000E2,6.330000000000000E-1,1.097918708539373E20
4.125000000000000E2,1.625000000000000E2,6.330000000000000E-1,1.243097652435855E20
4.125000000000000E2,1.750000000000000E2,6.330000000000000E-1,1.470470009335160E20
4.125000000000000E2,1.875000000000000E2,6.330000000000000E-1,1.666971987690408E20
4.125000000000000E2,2.000000000000000E2,6.330000000000000E-1,1.574563771608970E20
4.125000000000000E2,2.125000000000000E2,6.330000000000000E-1,8.949879213918755E19
4.125000000000000E2,2.250000000000000E2,6.330000000000000E-1,1.733111654062288E19
4.125000000000000E2,2.375000000000000E2,6.330000000000000E-1,2.158747098211393E20
4.125000000000000E2,2.500000000000000E2,6.330000000000000E-1,1.339734460292847E19
4.125000000000000E2,2.625000000000000E2,6.330000000000000E-1,1.181540977602232E18
4.125000000000000E2,2.750000000000000E2,6.330000000000000E-1,1.320001689165968E18
4.125000000000000E2,2.874999999999999E2,6.330000000000000E-1,5.497332952119878E18
4.125000000000000E2,3.000000000000000E2,6.330000000000000E-1,2.465376088085352E19
4.125000000000000E2,3.125000000000000E2,6.330000000000000E-1,1.915908532849148E20
4.125000000000000E2,3.250000000000000E2,6.330000000000000E-1,8.176463899060277E20
4.125000000000000E2,3.374999999999999E2,6.330000000000000E-1,1.460563593839680E19
4.125000000000000E2,3.500000000000000E2,6.330000000000000E-1,1.686329894677130E19
4.125000000000000E2,3.625000000000000E2,6.330000000000000E-1,3.640673237508628E20
4.125000000000000E2,3.749999999999999E2,6.330000000000000E-1,3.053584435489404E19
4.125000000000000E2,3.875000000000000E2,6.330000000000000E-1,2.350903564388026E19
4.125000000000000E2,4.000000000000000E2,6.330000000000000E-1,3.393724967803591E19
4.125000000000000E2,4.125000000000000E2,6.330000000000000E-1,5.556790219709245E19
4.125000000000000E2,4.249999999999999E2,6.330000000000000E-1,1.082711121193978E20
4.125000000000000E2,4.375000000000000E2,6.330000000000000E-1,2.048369183240712E20
4.125000000000000E2,4.500000000000000E2,6.330000000000000E-1,5.060770067780994E20
4.125000000000000E2,4.624999999999999E2,6.330000000000000E-1,1.249334135959305E21
4.125000000000000E2,4.749999999999999E2,6.330000000000000E-1,1.337496720667517E21
4.125000000000000E2,4.874999999999999E2,6.330000000000000E-1,1.379056371087139E20
4.125000000000000E2,5.000000000000000E2,6.330000000000000E-1,2.668833839385749E19
4.249999999999999E2,0.000000000000000E0,6.330000000000000E-1,8.446576650197125E19
4.249999999999999E2,1.250000000000000E1,6.330000000000000E-1,4.809332990266301E19
4.249999999999999E2,2.500000000000000E1,6.330000000000000E-1,4.249630695849238E19
4.249999999999999E2,3.750000000000000E1,6.330000000000000E-1,4.037007554375331E19
4.249999999999999E2,5.000000000000000E1,6.330000000000000E-1,4.334144576747545E19
4.249999999999999E2,6.250000000000000E1,6.330000000000000E-1,4.669636207097644E19
4.249999999999999E2,7.500000000000000E1,6.330000000000000E-1,4.804354067881878E19
4.249999999999999E2,8.750000000000000E1,6.330000000000000E-1,5.218333340750478E19
4.249999999999999E2,1.000000000000000E2,6.330000000000000E-1,5.796015394401003E19
4.249999999999999E2,1.125000000000000E2,6.330000000000000E-1,6.546363048769390E19
4.249999999999999E2,1.250000000000000E2,6.330000000000000E-1,7.174570792393229E19
4.249999999999999E2,1.375000000000000E2,6.330000000000000E-1,8.792303863586808E19
4.249999999999999E2,1.500000000000000E2,6.330000000000000E-1,1.007173956013440E20
4.249999999999999E2,1.625000000000000E2,6.330000000000000E-1,1.200537275627947E20
4.249999999999999E2,1.750000000000000E2,6.330000000000000E-1,1.257523319293518E20
4.249999999999999E2,1.875000000000000E2,6.330000000000000E-1,1.246615152819185E20
4.249999999999999E2,2.000000000000000E2,6.330000000000000E-1,7.752630970844200E19
4.249999999999999E2,2.125000000000000E2,6.330000000000000E-1,1.812296792076336E19
4.249999999999999E2,2.250000000000000E2,6.330000000000000E-1,1.820514266376729E20
4.249999999999999E2,2.375000000000000E2,6.330000000000000E-1,1.344630883690449E19
4.249999999999999E2,2.500000000000000E2,6.330000000000000E-1,1.362555029934746E18
4.249999999999999E2,2.625000000000000E2,6.330000000000000E-1,1.889980004195082E18
4.249999999999999E2,2.750000000000000E2,6.330000000000000E-1,9.218296777585383E18
4.249999999999999E2,2.874999999999999E2,6.330000000000000E-1,6.242638689684402E19
4.249999999999999E2,3.000000000000000E2,6.330000000000000E-1,8.631806577677086E20
4.249999999999999E2,3.125000000000000E2,6.330000000000000E-1,3.221445569389190E19
4.249999999999999E2,3.250000000000000E2,6.330000000000000E-1,1.405658367241407E19
4.249999999999999E2,3.374999999999999E2,6.330000000000000E-1,9.643634344611858E19
4.249999999999999E2,3.500000000000000E2,6.330000000000000E-1,2.738942477498072E20
4.249999999999999E2,3.625000000000000E2,6.330000000000000E-1,3.024227207739718E19
4.249999999999999E2,3.749999999999999E2,6.330000000000000E-1,2.885747353394189E19
4.249999999999999E2,3.875000000000000E2,6.330000000000000E-1,4.485633761020584E19
4.249999999999999E2,4.000000000000000E2,6.330000000000000E-1,8.056837656054746E19
4.249999999999999E2,4.125000000000000E2,6.330000000000000E-1,1.456347634655766E20
4.249999999999999E2,4.249999999999999E2,6.330000000000000E-1,3.103901920794889E20
4.249999999999999E2,4.375000000000000E2,6.330000000000000E-1,7.632924267155698E20
4.249999999999999E2,4.500000000000000E2,6.330000000000000E-1,1.552207637027150E21
4.249999999999999E2,4.624999999999999E2,6.330000000000000E-1,8.888465817491588E20
4.249999999999999E2,4.749999999999999E2,6.330000000000000E-1,7.672658122881714E19
4.249999999999999E2,4.874999999999999E2,6.330000000000000E-1,9.025715275263074E19
4.249999999999999E2,5.000000000000000E2,6.330000000000000E-1,1.316904982493933E19
4.375000000000000E2,0.000000000000000E0,6.330000000000000E-1,7.631461321630632E19
4.375000000000000E2,1.250000000000000E1,6.330000000000000E-1,4.769177396526821E19
4.375000000000000E2,2.500000000000000E1,6.330000000000000E-1,4.204320214634969E19
4.375000000000000E2,3.750000000000000E1,6.330000000000000E-1,3.837625959816135E19
4.375000000000000E2,5.000000000000000E1,6.330000000000000E-1,4.123059300660893E19
4.375000000000000E2,6.250000000000000E1,6.330000000000000E-1,4.433515545560027E19
4.375000000000000E2,7.500000000000000E1,6.330000000000000E-1,4.589233154478124E19
4.375000000000000E2,8.750000000000000E1,6.330000000000000E-1,4.879224676804386E19
4.375000000000000E2,1.000000000000000E2,6.330000000000000E-1,5.453942212765634E19
4.375000000000000E2,1.125000000000000E2,6.330000000000000E-1,6.168761855704397E19
4.375000000000000E2,1.250000000000000E2,6.330000000000000E-1,7.072758659840310E19
4.375000000000000E2,1.375000000000000E2,6.330000000000000E-1,8.442955992758257E19
4.375000000000000E2,1.500000000000000E2,6.330000000000000E-1,9.574829415816983E19
4.375000000000000E2,1.625000000000000E2,6.330000000000000E-1,1.064365777548978E20
4.375000000000000E2,1.750000000000000E2,6.330000000000000E-1,9.794682265265966E19
4.375000000000000E2,1.875000000000000E2,6.330000000000000E-1,6.584924915244638E19
4.375000000000000E2,2.000000000000000E2,6.330000000000000E-1,1.920152468682995E19
4.375000000000000E2,2.125000000000000E2,6.330000000000000E-1,1.554499970014252E20
4.375000000000000E2,2.250000000000000E2,6.330000000000000E-1,1.359872484064397E19
4.375000000000000E2,2.375000000000000E2,6.330000000000000E-1,1.819801113029252E18
4.375000000000000E2,2.500000000000000E2,6.330000000000000E-1,3.329588507255300E18
4.375000000000000E2,2.625000000000000E2,6.330000000000000E-1,1.993172453101965E19
4.375000000000000E2,2.750000000000000E2,6.330000000000000E-1,2.221165145214865E20
4.375000000000000E2,2.874999999999999E2,6.330000000000000E-1,1.372947188662760E20
4.375000000000000E2,3.000000000000000E2,6.330000000000000E-1,1.594226005060168E19
4.375000000000000E2,3.125000000000000E2,6.330000000000000E-1,4.381181916273543E19
4.375000000000000E2,3.250000000000000E2,6.330000000000000E-1,4.319199169645087E20
4.375000000000000E2,3.374999999999999E2,6.330000000000000E-1,1.372881805204434E20
4.375000000000000E2,3.500000000000000E2,6.330000000000000E-1,2.886556908333018E19
4.375000000000000E2,3.625000000000000E2,6.330000000000000E-1,3.178331523480866E19
4.375000000000000E2,3.749999999999999E2,6.330000000000000E-1,4.990159342392902E19
4.375000000000000E2,3.875000000000000E2,6.330000000000000E-1,9.217568801520075E19
4.375000000000000E2,4.000000000000000E2,6.330000000000000E-1,1.821931572480941E20
4.375000000000000E2,4.125000000000000E2,6.330000000000000E-1,4.236939118353362E20
4.375000000000000E2,4.249999999999999E2,6.330000000000000E-1,1.076571586725579E21
4.375000000000000E2,4.375000000000000E2,6.330000000000000E-1,1.572035228882804E21
4.375000000000000E2,4.500000000000000E2,6.330000000000000E-1,5.024324518007382E20
4.375000000000000E2,4.624999999999999E2,6.330000000000000E-1,4.689891107643570E19
4.375000000000000E2,4.749999999999999E2,6.330000000000000E-1,3.268990342629550E20
4.375000000000000E2,4.874999999999999E2,6.330000000000000E-1,7.522039157462465E18
4.375000000000000E2,5.000000000000000E2,6.330000000000000E-1,1.014587520289726E18
4.500000000000000E2,0.000000000000000E0,6.330000000000000E-1,7.765849257764758E19
4.500000000000000E2,2.500000000000000E1,6.330000000000000E-1,3.924079385384362E19
4.500000000000000E2,3.750000000000000E1,6.330000000000000E-1,3.907895693400624E19
4.500000000000000E2,5.000000000000000E1,6.330000000000000E-1,4.104928163368300E19
4.500000000000000E2,6.250000000000000E1,6.330000000000000E-1,4.021237044523196E19
4.500000000000000E2,7.500000000000000E1,6.330000000000000E-1,4.293934786077104E19
4.500000000000000E2,8.750000000000000E1,6.330000000000000E-1,4.789477884903611E19
4.500000000000000E2,1.000000000000000E2,6.330000000000000E-1,5.163942655103063E19
4.500000000000000E2,1.125000000000000E2,6.330000000000000E-1,5.909432784208950E19
4.500000000000000E2,1.250000000000000E2,6.330000000000000E-1,6.553009641994442E19
4.500000000000000E2,1.375000000000000E2,6.330000000000000E-1,7.594545114079905E19
4.500000000000000E2,1.500000000000000E2,6.330000000000000E-1,8.018179385856144E19
4.500000000000000E2,1.625000000000000E2,6.330000000000000E-1,7.811488853286642E19
4.500000000000000E2,1.750000000000000E2,6.330000000000000E-1,6.109606228108714E19
4.500000000000000E2,1.875000000000000E2,6.330000000000000E-1,2.132009333810770E19
4.500000000000000E2,2.000000000000000E2,6.330000000000000E-1,1.181716291094027E20
4.500000000000000E2,2.125000000000000E2,6.330000000000000E-1,1.397109540364207E19
4.500000000000000E2,2.250000000000000E2,6.330000000000000E-1,2.879013508616440E18
4.500000000000000E2,2.375000000000000E2,6.330000000000000E-1,6.819264866605097E18
4.500000000000000E2,2.500000000000000E2,6.330000000000000E-1,4.858161444095388E19
4.500000000000000E2,2.625000000000000E2,6.330000000000000E-1,4.742332861042191E20
4.500000000000000E2,2.750000000000000E2,6.330000000000000E-1,2.863819446530893E19
4.500000000000000E2,2.874999999999999E2,6.330000000000000E-1,3.181046057675580E19
4.500000000000000E2,3.000000000000000E2,6.330000000000000E-1,1.384354873902870E20
4.500000000000000E2,3.125000000000000E2,6.330000000000000E-1,6.868893743567049E20
4.500000000000000E2,3.250000000000000E2,6.330000000000000E-1,8.794437505130014E19
4.500000000000000E2,3.374999999999999E2,6.330000000000000E-1,2.549234693811235E19
4.500000000000000E2,3.500000000000000E2,6.330000000000000E-1,3.093355824840967E19
4.500000000000000E2,3.625000000000000E2,6.330000000000000E-1,5.446766595922831E19
4.500000000000000E2,3.749999999999999E2,6.330000000000000E-1,1.076859720925051E20
4.500000000000000E2,3.875000000000000E2,6.330000000000000E-1,2.360250331548687E20
4.500000000000000E2,4.000000000000000E2,6.330000000000000E-1,5.776453893728374E20
4.500000000000000E2,4.125000000000000E2,6.330000000000000E-1,1.338630802813810E21
4.500000000000000E2,4.249999999999999E2,6.330000000000000E-1,1.208360327822779E21
4.500000000000000E2,4.375000000000000E2,6.330000000000000E-1,2.609188072039185E20
4.500000000000000E2,4.500000000000000E2,6.330000000000000E-1,3.145701071491329E19
4.500000000000000E2,4.624999999999999E2,6.330000000000000E-1,8.060678197268957E20
4.500000000000000E2,4.749999999999999E2,6.330000000000000E-1,4.302222106870217E18
4.500000000000000E2,4.874999999999999E2,6.330000000000000E-1,8.565343388572055E17
4.500000000000000E2,5.000000000000000E2,6.330000000000000E-1,1.235584831740742E18
